latitude,longitude,disastertype,population_density,year,adm1,disasterno
19.37046368,73.10086628,flood,590.4663696289062,2016,Maharashtra,2016-0304
31.44114817,76.91980693,extreme temperature ,39.39580154418945,2011,Himachal Pradesh,2011-0007
9.439387677,78.68104303,storm,284.9158630371094,1968,Tamil Nadu,1968-0084
10.65639586,79.22342874,storm,389.1169128417969,1968,Tamil Nadu,1968-0084
16.29023485,80.08194333,storm,369.0785217285156,1969,Andhra Pradesh,1969-0071
16.55006848,80.79256277,storm,933.250732421875,1969,Andhra Pradesh,1969-0071
34.12797077,74.90084917,storm,3002.751220703125,1972,Jammu And Kashmir,1972-0058
27.58774856,94.77483408,flood,295.153076171875,1974,Assam,1974-0129
26.10069773,90.02798848,flood,1293.50390625,1974,Assam,1974-0129
26.79628642,94.27389983,flood,653.9027099609375,1974,Assam,1974-0129
27.58449365,95.62433404,flood,511.1370849609375,1974,Assam,1974-0129
18.57018044,83.97909711,storm,658.5528564453125,1980,Andhra Pradesh,1980-0227
17.88493739,82.68205636,storm,119.07237243652344,1980,Andhra Pradesh,1980-0227
16.88638554,81.39289921,storm,179.0831756591797,1980,Andhra Pradesh,1980-0227
19.62190014,84.65996467,storm,2830.944091796875,1981,Odisha,1981-0206
19.86281434,83.10201833,storm,137.0062713623047,1981,Odisha,1981-0206
20.12313957,84.03927776,storm,46.39994812011719,1981,Odisha,1981-0206
18.8106927,82.70710115,storm,3357.583740234375,1981,Odisha,1981-0206
22.07706596,84.50188835,storm,119.73202514648438,1981,Odisha,1981-0206
20.44239318,85.6982686,storm,566.2169799804688,1984,Odisha,1984-0227
13.45687774,79.00283762,storm,191.88194274902344,1984,Andhra Pradesh,1984-0110
14.43556427,79.72017697,storm,82.7759017944336,1984,Andhra Pradesh,1984-0110
22.55199571,88.35157415,storm,36173.03125,1986,West Bengal,1986-0116
16.29023485,80.08194333,storm,369.0785217285156,1987,Andhra Pradesh,1987-0280
26.11540047,86.01625194,earthquake,1669.0897216796875,1988,Bihar,1988-0382
26.40674188,86.21186545,earthquake,1006.6546630859375,1988,Bihar,1988-0382
25.20892285,86.5265508,earthquake,237.35858154296875,1988,Bihar,1988-0382
25.81718474,86.58260238,earthquake,1935.3480224609375,1988,Bihar,1988-0382
32.80071486,74.73195938,flood,682.567138671875,1990,Jammu And Kashmir,1990-0103
33.88348814,76.47242882,flood,1.2268673181533813,1990,Jammu And Kashmir,1990-0103
16.29023485,80.08194333,storm,369.0785217285156,1990,Andhra Pradesh,1990-0019
16.55006848,80.79256277,storm,933.250732421875,1990,Andhra Pradesh,1990-0019
17.88493739,82.68205636,storm,119.07237243652344,1990,Andhra Pradesh,1990-0019
16.88638554,81.39289921,storm,179.0831756591797,1990,Andhra Pradesh,1990-0019
18.37278299,76.75964617,earthquake,245.841552734375,1993,Maharashtra,1993-0074
18.18785859,76.03986326,earthquake,3704.56689453125,1993,Maharashtra,1993-0074
16.71861838,82.23416181,storm,1351.5457763671875,1993,Puducherry,1993-0085
26.11540047,86.01625194,flood,1669.0897216796875,1996,Bihar,1996-0503
26.29672183,87.93027863,flood,1274.4461669921875,1996,Bihar,1996-0503
25.81718474,86.58260238,flood,1935.3480224609375,1996,Bihar,1996-0503
26.59651346,85.55755515,flood,1804.3485107421875,1996,Bihar,1996-0503
16.8909419,82.19534428,storm,557.7288208007812,1996,Andhra Pradesh,1996-0256
16.88638554,81.39289921,storm,179.0831756591797,1996,Andhra Pradesh,1996-0256
22.72911928,72.20432773,flood,160.67762756347656,1997,Gujarat,1997-0337
24.28099748,72.03809257,flood,450.2253112792969,1997,Gujarat,1997-0337
23.20990618,72.70209791,flood,243.55006408691406,1997,Gujarat,1997-0337
22.8768383,73.02447162,flood,383.25262451171875,1997,Gujarat,1997-0337
23.57969264,72.49688414,flood,336.40997314453125,1997,Gujarat,1997-0337
23.80666439,73.03763379,flood,235.16326904296875,1997,Gujarat,1997-0337
22.76841671,71.60708794,flood,579.1287841796875,1997,Gujarat,1997-0337
22.24629292,73.24968977,flood,600.5062866210938,1997,Gujarat,1997-0337
16.29023485,80.08194333,flood,369.0785217285156,1997,Andhra Pradesh,1997-0357
21.42212608,71.26448769,storm,160.26829528808594,1998,Gujarat,1998-0183
24.28099748,72.03809257,storm,450.2253112792969,1998,Gujarat,1998-0183
25.73003991,71.47894365,storm,198.840576171875,1998,Rajasthan,1998-0183
21.78666651,72.92475605,storm,126.42813873291016,1998,Gujarat,1998-0183
25.0946658,72.21544589,storm,148.750732421875,1998,Rajasthan,1998-0183
22.33618485,70.23238871,storm,70.60787963867188,1998,Gujarat,1998-0183
21.25423825,70.57263302,storm,26.441944122314453,1998,Gujarat,1998-0183
20.81218482,73.10551991,storm,1288.2213134765625,1998,Gujarat,1998-0183
21.63737945,69.80371801,storm,128.3857879638672,1998,Gujarat,1998-0183
22.0149433,70.76149605,storm,156.77395629882812,1998,Gujarat,1998-0183
21.26454257,73.0734589,storm,534.9354858398438,1998,Gujarat,1998-0183
20.41743299,73.12143584,storm,2265.201171875,1998,Gujarat,1998-0183
29.99572737,79.84641101,earthquake,78.54464721679688,1999,Uttarakhand,1999-0099
30.49807762,79.55785969,earthquake,17.212512969970703,1999,Uttarakhand,1999-0099
30.5935937,79.09749807,earthquake,33.3566780090332,1999,Uttarakhand,1999-0099
30.44316264,78.56945826,earthquake,312.27130126953125,1999,Uttarakhand,1999-0099
19.16537012,84.1542009,storm,269.2235412597656,1999,Odisha,1999-0401
19.62190014,84.65996467,storm,2830.944091796875,1999,Odisha,1999-0401
20.08247851,85.50483769,storm,281.9070129394531,1999,Odisha,1999-0401
20.97856004,86.61667215,storm,698.9920654296875,1999,Odisha,1999-0425
20.44239318,85.6982686,storm,566.2169799804688,1999,Odisha,1999-0425
20.82055836,85.51878477,storm,319.66522216796875,1999,Odisha,1999-0425
20.21756098,86.32964206,storm,707.6735229492188,1999,Odisha,1999-0425
20.8497324,86.14624701,storm,647.12109375,1999,Odisha,1999-0425
20.54637395,86.60225642,storm,451.3252868652344,1999,Odisha,1999-0425
21.53191209,85.6991815,storm,159.9915008544922,1999,Odisha,1999-0425
20.08247851,85.50483769,storm,281.9070129394531,1999,Odisha,1999-0425
21.890497,86.40634462,storm,51.6137809753418,1999,Odisha,1999-0425
20.20652947,84.99328054,storm,142.66232299804688,1999,Odisha,1999-0425
14.4705228,78.73399035,flood,251.84036254882812,2000,Andhra Pradesh,2000-0534
17.18512821,82.00214406,flood,161.44869995117188,2000,Andhra Pradesh,2000-0534
16.29023485,80.08194333,flood,369.0785217285156,2000,Andhra Pradesh,2000-0534
18.54511489,79.23560559,flood,136.48223876953125,2000,Telangana,2000-0534
17.59082823,80.67917545,flood,2314.493408203125,2000,Telangana,2000-0534
16.55006848,80.79256277,flood,933.250732421875,2000,Andhra Pradesh,2000-0534
15.52775939,77.99973082,flood,216.84066772460938,2000,Andhra Pradesh,2000-0534
16.49340442,78.14042905,flood,177.52777099609375,2000,Telangana,2000-0534
17.88492363,78.21139647,flood,390.9617004394531,2000,Telangana,2000-0534
17.06194463,79.28166651,flood,8797.583984375,2000,Telangana,2000-0534
14.43556427,79.72017697,flood,82.7759017944336,2000,Andhra Pradesh,2000-0534
18.52357578,78.13906639,flood,284.8019714355469,2000,Telangana,2000-0534
17.28449614,78.17276898,flood,304.3046569824219,2000,Telangana,2000-0534
17.88493739,82.68205636,flood,119.07237243652344,2000,Andhra Pradesh,2000-0534
17.94921107,79.7917581,flood,396.43450927734375,2000,Telangana,2000-0534
16.88638554,81.39289921,flood,179.0831756591797,2000,Andhra Pradesh,2000-0534
24.85181222,86.83365055,flood,197.2294464111328,2000,Bihar,2000-0610
23.42610967,87.76168736,flood,1223.8089599609375,2000,West Bengal,2000-0610
25.26889636,87.07777418,flood,0.0,2000,Bihar,2000-0610
23.95194467,87.6624877,flood,1341.68310546875,2000,West Bengal,2000-0610
24.31811548,87.26121361,flood,583.556396484375,2000,Jharkhand,2000-0610
25.13513623,88.08873996,flood,693.3277587890625,2000,West Bengal,2000-0610
25.20892285,86.5265508,flood,237.35858154296875,2000,Bihar,2000-0610
24.16171931,88.22615944,flood,1202.8402099609375,2000,West Bengal,2000-0610
25.00783593,87.67479833,flood,320.6046447753906,2000,Jharkhand,2000-0610
25.13228839,85.81502314,flood,1339.091064453125,2000,Bihar,2000-0610
11.52490531,79.44715025,storm,1470.0198974609375,2000,Tamil Nadu,2000-0785
10.86120155,79.73576795,storm,783.8231201171875,2000,Tamil Nadu,2000-0785
10.65639586,79.22342874,storm,389.1169128417969,2000,Tamil Nadu,2000-0785
13.23421211,79.93380177,storm,443.9454040527344,2000,Tamil Nadu,2000-0785
10.67184836,79.53370082,storm,802.5576782226562,2000,Tamil Nadu,2000-0785
8.789788196,77.52245428,storm,321.95294189453125,2000,Tamil Nadu,2000-0785
22.72911928,72.20432773,earthquake,160.67762756347656,2001,Gujarat,2001-0033
21.42212608,71.26448769,earthquake,160.26829528808594,2001,Gujarat,2001-0033
22.44939448,72.7899001,earthquake,888.680908203125,2001,Gujarat,2001-0033
24.28099748,72.03809257,earthquake,450.2253112792969,2001,Gujarat,2001-0033
21.78666651,72.92475605,earthquake,126.42813873291016,2001,Gujarat,2001-0033
22.79658752,74.06633483,earthquake,714.1163940429688,2001,Gujarat,2001-0033
23.20990618,72.70209791,earthquake,243.55006408691406,2001,Gujarat,2001-0033
22.33618485,70.23238871,earthquake,70.60787963867188,2001,Gujarat,2001-0033
21.25423825,70.57263302,earthquake,26.441944122314453,2001,Gujarat,2001-0033
22.8768383,73.02447162,earthquake,383.25262451171875,2001,Gujarat,2001-0033
23.57969264,72.49688414,earthquake,336.40997314453125,2001,Gujarat,2001-0033
20.81218482,73.10551991,earthquake,1288.2213134765625,2001,Gujarat,2001-0033
23.76897852,71.80140683,earthquake,104.69034576416016,2001,Gujarat,2001-0033
21.63737945,69.80371801,earthquake,128.3857879638672,2001,Gujarat,2001-0033
22.0149433,70.76149605,earthquake,156.77395629882812,2001,Gujarat,2001-0033
23.80666439,73.03763379,earthquake,235.16326904296875,2001,Gujarat,2001-0033
21.26454257,73.0734589,earthquake,534.9354858398438,2001,Gujarat,2001-0033
22.76841671,71.60708794,earthquake,579.1287841796875,2001,Gujarat,2001-0033
22.24629292,73.24968977,earthquake,600.5062866210938,2001,Gujarat,2001-0033
9.413009259,76.44657618,flood,356.09521484375,2001,Kerala,2001-0387
9.874426633,77.01422266,flood,374.42291259765625,2001,Kerala,2001-0387
8.954796002,76.86795887,flood,617.2720336914062,2001,Kerala,2001-0387
9.629075883,76.64813828,flood,497.33404541015625,2001,Kerala,2001-0387
9.277143652,76.91429626,flood,206.5963134765625,2001,Kerala,2001-0387
20.98189206,84.90308876,flood,166.83299255371094,2001,Odisha,2001-0332
20.44239318,85.6982686,flood,566.2169799804688,2001,Odisha,2001-0332
20.8497324,86.14624701,flood,647.12109375,2001,Odisha,2001-0332
20.54637395,86.60225642,flood,451.3252868652344,2001,Odisha,2001-0332
20.08247851,85.50483769,flood,281.9070129394531,2001,Odisha,2001-0332
26.44536723,84.36768755,flood,1195.103515625,2001,Bihar,2001-0515
26.15305405,85.32182327,flood,2145.7021484375,2001,Bihar,2001-0515
27.07909842,84.33738272,flood,1039.136962890625,2001,Bihar,2001-0515
25.45569333,85.2158742,flood,1459.095458984375,2001,Bihar,2001-0515
26.62084684,84.91682914,flood,2601.5595703125,2001,Bihar,2001-0515
25.90678865,84.81556987,flood,3692.432373046875,2001,Bihar,2001-0515
26.44536723,84.36768755,flood,1195.103515625,2001,Bihar,2001-0794
25.90678865,84.81556987,flood,3692.432373046875,2001,Bihar,2001-0794
26.91364047,88.39335093,storm,147.6829833984375,2002,West Bengal,2002-0308
26.68693687,88.7647131,storm,537.7213134765625,2002,West Bengal,2002-0308
22.55199571,88.35157415,storm,36173.03125,2002,West Bengal,2002-0308
20.93763583,75.49150547,flood,202.40077209472656,2002,Maharashtra,2002-0568
20.26020129,74.07947908,flood,179.10812377929688,2002,Maharashtra,2002-0568
11.99266954,75.53605911,flood,766.9063110351562,2002,Kerala,2002-0650
12.46079963,75.15172852,flood,178.16954040527344,2002,Kerala,2002-0650
11.47972527,75.83239926,flood,391.556396484375,2002,Kerala,2002-0650
8.606194774,77.00426455,flood,4665.93310546875,2002,Kerala,2002-0650
23.13798584,87.12923734,storm,378.197265625,2003,West Bengal,2003-0134
22.52426472,88.06481783,storm,1027.671142578125,2003,West Bengal,2003-0134
26.36581211,88.92397589,storm,704.8931274414062,2003,West Bengal,2003-0234
22.12170362,88.41571495,storm,1728.424560546875,2003,West Bengal,2003-0234
20.98189206,84.90308876,flood,166.83299255371094,2003,Odisha,2003-0683
20.58602305,83.1658041,flood,61.95899200439453,2003,Odisha,2003-0683
21.21540612,83.34469613,flood,165.6083984375,2003,Odisha,2003-0683
20.44239318,85.6982686,flood,566.2169799804688,2003,Odisha,2003-0683
19.16537012,84.1542009,flood,269.2235412597656,2003,Odisha,2003-0683
19.62190014,84.65996467,flood,2830.944091796875,2003,Odisha,2003-0683
20.21756098,86.32964206,flood,707.6735229492188,2003,Odisha,2003-0683
20.8497324,86.14624701,flood,647.12109375,2003,Odisha,2003-0683
19.86281434,83.10201833,flood,137.0062713623047,2003,Odisha,2003-0683
20.54637395,86.60225642,flood,451.3252868652344,2003,Odisha,2003-0683
18.8106927,82.70710115,flood,3357.583740234375,2003,Odisha,2003-0683
20.20652947,84.99328054,flood,142.66232299804688,2003,Odisha,2003-0683
19.35435158,83.5064816,flood,113.31880950927734,2003,Odisha,2003-0683
20.92629488,83.81829967,flood,206.808837890625,2003,Odisha,2003-0683
16.29023485,80.08194333,storm,369.0785217285156,2003,Andhra Pradesh,2003-0605
16.55006848,80.79256277,storm,933.250732421875,2003,Andhra Pradesh,2003-0605
16.88638554,81.39289921,storm,179.0831756591797,2003,Andhra Pradesh,2003-0605
24.54474961,93.80183996,flood,0.0,2004,Manipur,2004-0178
24.80750672,93.77595163,flood,263.9012756347656,2004,Manipur,2004-0178
24.80698897,93.87822529,flood,2281.4658203125,2004,Manipur,2004-0178
11.99266954,75.53605911,flood,766.9063110351562,2004,Kerala,2004-0321
12.46079963,75.15172852,flood,178.16954040527344,2004,Kerala,2004-0321
11.47972527,75.83239926,flood,391.556396484375,2004,Kerala,2004-0321
24.85181222,86.83365055,flood,197.2294464111328,2004,Bihar,2004-0298
25.26889636,87.07777418,flood,0.0,2004,Bihar,2004-0298
26.11540047,86.01625194,flood,1669.0897216796875,2004,Bihar,2004-0298
26.44847938,92.03596836,flood,2532.54345703125,2004,Assam,2004-0298
27.58774856,94.77483408,flood,295.153076171875,2004,Assam,2004-0298
26.10199199,91.42628315,flood,674.1968383789062,2004,Assam,2004-0298
27.17536039,94.13589219,flood,414.982666015625,2004,Assam,2004-0298
26.40674188,86.21186545,flood,1006.6546630859375,2004,Bihar,2004-0298
26.15305405,85.32182327,flood,2145.7021484375,2004,Bihar,2004-0298
26.37721495,91.38373673,flood,972.1552124023438,2004,Assam,2004-0298
26.4848894,85.32378785,flood,1768.7861328125,2004,Bihar,2004-0298
26.59651346,85.55755515,flood,1804.3485107421875,2004,Bihar,2004-0298
26.78157942,92.92678872,flood,311.4494934082031,2004,Assam,2004-0298
9.413009259,76.44657618,earthquake,356.09521484375,2004,Kerala,2004-0659
13.04849576,80.23437074,earthquake,30440.984375,2004,Tamil Nadu,2004-0659
11.52490531,79.44715025,earthquake,1470.0198974609375,2004,Tamil Nadu,2004-0659
17.18512821,82.00214406,earthquake,161.44869995117188,2004,Andhra Pradesh,2004-0659
16.29023485,80.08194333,earthquake,369.0785217285156,2004,Andhra Pradesh,2004-0659
12.68074493,79.93525454,earthquake,784.7030639648438,2004,Tamil Nadu,2004-0659
8.304640347,77.3456335,earthquake,540.845947265625,2004,Tamil Nadu,2004-0659
8.954796002,76.86795887,earthquake,617.2720336914062,2004,Kerala,2004-0659
16.55006848,80.79256277,earthquake,933.250732421875,2004,Andhra Pradesh,2004-0659
10.86120155,79.73576795,earthquake,783.8231201171875,2004,Tamil Nadu,2004-0659
14.43556427,79.72017697,earthquake,82.7759017944336,2004,Andhra Pradesh,2004-0659
10.3416504,78.86744128,earthquake,583.6029052734375,2004,Tamil Nadu,2004-0659
9.439387677,78.68104303,earthquake,284.9158630371094,2004,Tamil Nadu,2004-0659
9.906909923,78.57717069,earthquake,387.40386962890625,2004,Tamil Nadu,2004-0659
10.65639586,79.22342874,earthquake,389.1169128417969,2004,Tamil Nadu,2004-0659
13.23421211,79.93380177,earthquake,443.9454040527344,2004,Tamil Nadu,2004-0659
10.67184836,79.53370082,earthquake,802.5576782226562,2004,Tamil Nadu,2004-0659
8.876886526,77.98879965,earthquake,112.14012908935547,2004,Tamil Nadu,2004-0659
8.789788196,77.52245428,earthquake,321.95294189453125,2004,Tamil Nadu,2004-0659
11.96003858,79.28421145,earthquake,636.9973754882812,2004,Tamil Nadu,2004-0659
17.88493739,82.68205636,earthquake,119.07237243652344,2004,Andhra Pradesh,2004-0659
16.88638554,81.39289921,earthquake,179.0831756591797,2004,Andhra Pradesh,2004-0659
16.71861838,82.23416181,earthquake,1351.5457763671875,2004,Puducherry,2004-0659
16.29023485,80.08194333,storm,369.0785217285156,2005,Andhra Pradesh,2005-0290
18.54511489,79.23560559,storm,136.48223876953125,2005,Telangana,2005-0290
16.55006848,80.79256277,storm,933.250732421875,2005,Andhra Pradesh,2005-0290
17.06194463,79.28166651,storm,8797.583984375,2005,Telangana,2005-0290
18.57018044,83.97909711,storm,658.5528564453125,2005,Andhra Pradesh,2005-0290
31.60134548,78.39655248,flood,30.281028747558594,2005,Himachal Pradesh,2005-0361
31.90629448,77.38491545,flood,49.335086822509766,2005,Himachal Pradesh,2005-0361
31.6412821,76.97763603,flood,216.3194580078125,2005,Himachal Pradesh,2005-0361
22.72911928,72.20432773,flood,160.67762756347656,2005,Gujarat,2005-0335
21.42212608,71.26448769,flood,160.26829528808594,2005,Gujarat,2005-0335
22.44939448,72.7899001,flood,888.680908203125,2005,Gujarat,2005-0335
21.78666651,72.92475605,flood,126.42813873291016,2005,Gujarat,2005-0335
23.20990618,72.70209791,flood,243.55006408691406,2005,Gujarat,2005-0335
22.33618485,70.23238871,flood,70.60787963867188,2005,Gujarat,2005-0335
21.25423825,70.57263302,flood,26.441944122314453,2005,Gujarat,2005-0335
22.8768383,73.02447162,flood,383.25262451171875,2005,Gujarat,2005-0335
21.71081292,73.65826656,flood,141.54861450195312,2005,Gujarat,2005-0335
20.81218482,73.10551991,flood,1288.2213134765625,2005,Gujarat,2005-0335
22.0149433,70.76149605,flood,156.77395629882812,2005,Gujarat,2005-0335
23.80666439,73.03763379,flood,235.16326904296875,2005,Gujarat,2005-0335
21.26454257,73.0734589,flood,534.9354858398438,2005,Gujarat,2005-0335
22.76841671,71.60708794,flood,579.1287841796875,2005,Gujarat,2005-0335
22.24629292,73.24968977,flood,600.5062866210938,2005,Gujarat,2005-0335
20.41743299,73.12143584,flood,2265.201171875,2005,Gujarat,2005-0335
23.81706054,79.52117987,flood,290.043701171875,2005,Madhya Pradesh,2005-0398
23.17446788,79.94316101,flood,19893.185546875,2005,Madhya Pradesh,2005-0398
22.93719132,79.08117011,flood,704.9385986328125,2005,Madhya Pradesh,2005-0398
24.42563599,80.18539623,flood,453.279296875,2005,Madhya Pradesh,2005-0398
24.75820098,81.58193502,flood,441.7847595214844,2005,Madhya Pradesh,2005-0398
23.85216107,78.75416046,flood,3538.09130859375,2005,Madhya Pradesh,2005-0398
24.53710426,80.82603421,flood,1546.22412109375,2005,Madhya Pradesh,2005-0398
27.74197158,81.41210281,flood,637.8814086914062,2005,Uttar Pradesh,2005-0375
25.87788941,84.09760018,flood,1649.7144775390625,2005,Uttar Pradesh,2005-0375
25.47102778,80.55297227,flood,353.40020751953125,2005,Uttar Pradesh,2005-0375
26.33685532,91.003862,flood,3524.647705078125,2005,Assam,2005-0375
26.11540047,86.01625194,flood,1669.0897216796875,2005,Bihar,2005-0375
30.46938035,77.96016451,flood,118.3595962524414,2005,Uttarakhand,2005-0375
27.58774856,94.77483408,flood,295.153076171875,2005,Assam,2005-0375
27.37073531,95.05456196,flood,435.2449035644531,2005,Assam,2005-0375
26.04753791,90.61295409,flood,595.5044555664062,2005,Assam,2005-0375
26.79628642,94.27389983,flood,653.9027099609375,2005,Assam,2005-0375
26.39314172,80.20209612,flood,899.2113037109375,2005,Uttar Pradesh,2005-0375
24.57881405,92.38127235,flood,351.2722473144531,2005,Assam,2005-0375
25.49106049,81.46093151,flood,1155.02734375,2005,Uttar Pradesh,2005-0375
27.17536039,94.13589219,flood,414.982666015625,2005,Assam,2005-0375
28.12572584,80.65733351,flood,584.1364135742188,2005,Uttar Pradesh,2005-0375
26.40674188,86.21186545,flood,1006.6546630859375,2005,Bihar,2005-0375
26.15305405,85.32182327,flood,2145.7021484375,2005,Bihar,2005-0375
27.67717134,81.81549084,flood,861.5775146484375,2005,Uttar Pradesh,2005-0375
27.01129084,94.82044837,flood,420.2320251464844,2005,Assam,2005-0375
26.78157942,92.92678872,flood,311.4494934082031,2005,Assam,2005-0375
27.58449365,95.62433404,flood,511.1370849609375,2005,Assam,2005-0375
30.97799036,78.58958843,flood,17.973892211914062,2005,Uttarakhand,2005-0375
17.38481134,78.46612255,flood,26600.5703125,2005,Telangana,2005-0399
17.59082823,80.67917545,flood,2314.493408203125,2005,Telangana,2005-0399
17.94921107,79.7917581,flood,396.43450927734375,2005,Telangana,2005-0399
21.88121765,80.35433447,flood,121.60385131835938,2005,Madhya Pradesh,2005-0541
20.97856004,86.61667215,flood,698.9920654296875,2005,Odisha,2005-0541
21.15857681,79.86785166,flood,167.14645385742188,2005,Maharashtra,2005-0541
21.15131311,81.35373616,flood,4270.201171875,2005,Chhattisgarh,2005-0541
21.12123104,80.15550227,flood,313.652099609375,2005,Maharashtra,2005-0541
23.17446788,79.94316101,flood,19893.185546875,2005,Madhya Pradesh,2005-0541
20.8497324,86.14624701,flood,647.12109375,2005,Odisha,2005-0541
23.70428989,80.33523763,flood,215.30596923828125,2005,Madhya Pradesh,2005-0541
21.17740754,79.08188357,flood,18963.36328125,2005,Maharashtra,2005-0541
21.03957695,80.81251242,flood,191.654296875,2005,Chhattisgarh,2005-0541
22.31738467,79.68387612,flood,100.21253204345703,2005,Madhya Pradesh,2005-0541
21.71081292,73.65826656,flood,141.54861450195312,2005,Gujarat,2005-0603
22.73440963,73.61220842,flood,894.9248046875,2005,Gujarat,2005-0603
21.26454257,73.0734589,flood,534.9354858398438,2005,Gujarat,2005-0603
22.24629292,73.24968977,flood,600.5062866210938,2005,Gujarat,2005-0603
33.82077858,75.31962528,earthquake,501.4815368652344,2005,Jammu And Kashmir,2005-0575
32.80071486,74.73195938,earthquake,682.567138671875,2005,Jammu And Kashmir,2005-0575
33.70860616,74.26236635,earthquake,228.75033569335938,2005,Jammu And Kashmir,2005-0575
23.42610967,87.76168736,flood,1223.8089599609375,2005,West Bengal,2005-0599
23.47721476,88.5169246,flood,1147.45556640625,2005,West Bengal,2005-0599
22.12170362,88.41571495,flood,1728.424560546875,2005,West Bengal,2005-0599
12.94243567,77.58724634,flood,20549.931640625,2005,Karnataka,2005-0627
13.04849576,80.23437074,flood,30440.984375,2005,Tamil Nadu,2005-0627
13.45687774,79.00283762,flood,191.88194274902344,2005,Andhra Pradesh,2005-0627
11.52490531,79.44715025,flood,1470.0198974609375,2005,Tamil Nadu,2005-0627
12.08691954,78.18437414,flood,547.266357421875,2005,Tamil Nadu,2005-0627
11.49473924,77.40270484,flood,570.691650390625,2005,Tamil Nadu,2005-0627
8.304640347,77.3456335,flood,540.845947265625,2005,Tamil Nadu,2005-0627
10.83161485,78.11639002,flood,489.2715759277344,2005,Tamil Nadu,2005-0627
12.47969627,78.02092387,flood,205.25765991210938,2005,Tamil Nadu,2005-0627
9.909721239,77.9894937,flood,341.9027099609375,2005,Tamil Nadu,2005-0627
12.2022547,76.4374076,flood,212.3929901123047,2005,Karnataka,2005-0627
10.86120155,79.73576795,flood,783.8231201171875,2005,Tamil Nadu,2005-0627
11.30493486,78.12291946,flood,233.73800659179688,2005,Tamil Nadu,2005-0627
14.43556427,79.72017697,flood,82.7759017944336,2005,Andhra Pradesh,2005-0627
11.26097504,78.87734007,flood,1013.0791015625,2005,Tamil Nadu,2005-0627
11.66289225,78.20825551,flood,4822.8701171875,2005,Tamil Nadu,2005-0627
18.57018044,83.97909711,flood,658.5528564453125,2005,Andhra Pradesh,2005-0627
10.87461302,78.55412407,flood,305.2291564941406,2005,Tamil Nadu,2005-0627
12.80083993,78.99738114,flood,171.41294860839844,2005,Tamil Nadu,2005-0627
11.96003858,79.28421145,flood,636.9973754882812,2005,Tamil Nadu,2005-0627
17.88493739,82.68205636,flood,119.07237243652344,2005,Andhra Pradesh,2005-0627
18.46318575,83.36313333,flood,599.21533203125,2005,Andhra Pradesh,2005-0627
16.55006848,80.79256277,flood,933.250732421875,2006,Andhra Pradesh,2006-0207
18.57018044,83.97909711,flood,658.5528564453125,2006,Andhra Pradesh,2006-0207
25.87788941,84.09760018,flood,1649.7144775390625,2006,Uttar Pradesh,2006-0342
25.14073489,83.25402798,flood,802.5521850585938,2006,Uttar Pradesh,2006-0342
19.16537012,84.1542009,flood,269.2235412597656,2006,Odisha,2006-0370
19.35435158,83.5064816,flood,113.31880950927734,2006,Odisha,2006-0370
20.81218482,73.10551991,flood,1288.2213134765625,2006,Gujarat,2006-0369
25.73003991,71.47894365,flood,198.840576171875,2006,Rajasthan,2006-0469
27.06939213,70.90023356,flood,12.430158615112305,2006,Rajasthan,2006-0469
25.1275563,76.12547655,flood,629.0813598632812,2006,Rajasthan,2006-0469
27.74197158,81.41210281,flood,637.8814086914062,2006,Uttar Pradesh,2006-0549
23.58822749,83.49431398,flood,105.75331115722656,2006,Uttar Pradesh,2006-0549
26.91728521,81.37096984,flood,892.1260986328125,2006,Uttar Pradesh,2006-0549
28.12572584,80.65733351,flood,584.1364135742188,2006,Uttar Pradesh,2006-0549
27.67717134,81.81549084,flood,861.5775146484375,2006,Uttar Pradesh,2006-0549
24.81273134,92.85904352,flood,1660.2734375,2007,Assam,2007-0225
26.44847938,92.03596836,flood,2532.54345703125,2007,Assam,2007-0225
27.58774856,94.77483408,flood,295.153076171875,2007,Assam,2007-0225
27.37073531,95.05456196,flood,435.2449035644531,2007,Assam,2007-0225
24.49583288,92.58956318,flood,871.92138671875,2007,Assam,2007-0225
24.57881405,92.38127235,flood,351.2722473144531,2007,Assam,2007-0225
27.17536039,94.13589219,flood,414.982666015625,2007,Assam,2007-0225
14.47499759,77.57074427,flood,78.7120590209961,2007,Andhra Pradesh,2007-0250
16.21720423,75.62836499,flood,315.81109619140625,2007,Karnataka,2007-0250
16.11782721,74.82686904,flood,153.0506134033203,2007,Karnataka,2007-0250
18.83803101,80.76863925,flood,47.0052375793457,2007,Karnataka,2007-0250
17.18512821,82.00214406,flood,161.44869995117188,2007,Andhra Pradesh,2007-0250
16.29023485,80.08194333,flood,369.0785217285156,2007,Andhra Pradesh,2007-0250
12.31909015,75.79950322,flood,86.25631713867188,2007,Karnataka,2007-0250
15.52775939,77.99973082,flood,216.84066772460938,2007,Andhra Pradesh,2007-0250
12.6043517,76.79069871,flood,964.5145263671875,2007,Karnataka,2007-0250
18.98271372,72.83764134,flood,31880.037109375,2007,Maharashtra,2007-0250
12.2022547,76.4374076,flood,212.3929901123047,2007,Karnataka,2007-0250
18.56986867,74.07801203,flood,395.3317565917969,2007,Maharashtra,2007-0250
16.88638554,81.39289921,flood,179.0831756591797,2007,Andhra Pradesh,2007-0250
22.40363486,82.06906505,flood,211.88168334960938,2007,Chhattisgarh,2007-0240
21.15131311,81.35373616,flood,4270.201171875,2007,Chhattisgarh,2007-0240
21.20328524,82.60463143,flood,234.6425323486328,2007,Chhattisgarh,2007-0240
20.44239318,85.6982686,flood,566.2169799804688,2007,Odisha,2007-0596
20.21756098,86.32964206,flood,707.6735229492188,2007,Odisha,2007-0596
20.8497324,86.14624701,flood,647.12109375,2007,Odisha,2007-0596
20.08247851,85.50483769,flood,281.9070129394531,2007,Odisha,2007-0596
14.47499759,77.57074427,flood,78.7120590209961,2007,Andhra Pradesh,2007-0469
18.54511489,79.23560559,flood,136.48223876953125,2007,Telangana,2007-0469
16.55006848,80.79256277,flood,933.250732421875,2007,Andhra Pradesh,2007-0469
15.52775939,77.99973082,flood,216.84066772460938,2007,Andhra Pradesh,2007-0469
16.49340442,78.14042905,flood,177.52777099609375,2007,Telangana,2007-0469
17.06194463,79.28166651,flood,8797.583984375,2007,Telangana,2007-0469
14.43556427,79.72017697,flood,82.7759017944336,2007,Andhra Pradesh,2007-0469
17.94921107,79.7917581,flood,396.43450927734375,2007,Telangana,2007-0469
21.92736609,86.68605747,flood,520.7648315429688,2007,Odisha,2007-0467
20.97856004,86.61667215,flood,698.9920654296875,2007,Odisha,2007-0467
20.44239318,85.6982686,flood,566.2169799804688,2007,Odisha,2007-0467
22.52426472,88.06481783,flood,1027.671142578125,2007,West Bengal,2007-0467
20.21756098,86.32964206,flood,707.6735229492188,2007,Odisha,2007-0467
20.8497324,86.14624701,flood,647.12109375,2007,Odisha,2007-0467
20.12313957,84.03927776,flood,46.39994812011719,2007,Odisha,2007-0467
20.54637395,86.60225642,flood,451.3252868652344,2007,Odisha,2007-0467
20.08247851,85.50483769,flood,281.9070129394531,2007,Odisha,2007-0467
22.55199571,88.35157415,flood,36173.03125,2007,West Bengal,2007-0467
22.12170362,88.41571495,flood,1728.424560546875,2007,West Bengal,2007-0467
27.58774856,94.77483408,flood,295.153076171875,2008,Assam,2008-0246
27.17536039,94.13589219,flood,414.982666015625,2008,Assam,2008-0246
26.78157942,92.92678872,flood,311.4494934082031,2008,Assam,2008-0246
26.79628642,94.27389983,flood,653.9027099609375,2008,Assam,2008-0615
27.17536039,94.13589219,flood,414.982666015625,2008,Assam,2008-0615
26.20055725,87.34540215,flood,1358.39599609375,2008,Bihar,2008-0486
25.49549659,86.12430036,flood,2306.224609375,2008,Bihar,2008-0486
25.26889636,87.07777418,flood,0.0,2008,Bihar,2008-0486
25.54555598,87.63914404,flood,1306.3065185546875,2008,Bihar,2008-0486
25.51183096,86.59621605,flood,1457.7869873046875,2008,Bihar,2008-0486
25.82520677,86.89026818,flood,1090.6114501953125,2008,Bihar,2008-0486
26.15305405,85.32182327,flood,2145.7021484375,2008,Bihar,2008-0486
27.07909842,84.33738272,flood,1039.136962890625,2008,Bihar,2008-0486
25.45569333,85.2158742,flood,1459.095458984375,2008,Bihar,2008-0486
25.81754275,87.40090119,flood,1231.5526123046875,2008,Bihar,2008-0486
25.81718474,86.58260238,flood,1935.3480224609375,2008,Bihar,2008-0486
25.90678865,84.81556987,flood,3692.432373046875,2008,Bihar,2008-0486
25.13228839,85.81502314,flood,1339.091064453125,2008,Bihar,2008-0486
26.24745361,86.79137468,flood,1079.77490234375,2008,Bihar,2008-0486
16.55006848,80.79256277,flood,933.250732421875,2008,Andhra Pradesh,2008-0415
16.88638554,81.39289921,flood,179.0831756591797,2008,Andhra Pradesh,2008-0415
13.04849576,80.23437074,flood,30440.984375,2008,Tamil Nadu,2008-0560
11.52490531,79.44715025,flood,1470.0198974609375,2008,Tamil Nadu,2008-0560
8.304640347,77.3456335,flood,540.845947265625,2008,Tamil Nadu,2008-0560
10.86120155,79.73576795,flood,783.8231201171875,2008,Tamil Nadu,2008-0560
10.3416504,78.86744128,flood,583.6029052734375,2008,Tamil Nadu,2008-0560
9.439387677,78.68104303,flood,284.9158630371094,2008,Tamil Nadu,2008-0560
13.13381484,80.16542215,flood,6330.9658203125,2008,Tamil Nadu,2008-0560
10.67184836,79.53370082,flood,802.5576782226562,2008,Tamil Nadu,2008-0560
8.876886526,77.98879965,flood,112.14012908935547,2008,Tamil Nadu,2008-0560
8.789788196,77.52245428,flood,321.95294189453125,2008,Tamil Nadu,2008-0560
11.96003858,79.28421145,flood,636.9973754882812,2008,Tamil Nadu,2008-0560
16.71861838,82.23416181,flood,1351.5457763671875,2008,Puducherry,2008-0560
26.91364047,88.39335093,storm,147.6829833984375,2009,West Bengal,2009-0204
22.52426472,88.06481783,storm,1027.671142578125,2009,West Bengal,2009-0204
22.55199571,88.35157415,storm,36173.03125,2009,West Bengal,2009-0204
22.12170362,88.41571495,storm,1728.424560546875,2009,West Bengal,2009-0204
26.11540047,86.01625194,flood,1669.0897216796875,2009,Bihar,2009-0638
26.40674188,86.21186545,flood,1006.6546630859375,2009,Bihar,2009-0638
25.81754275,87.40090119,flood,1231.5526123046875,2009,Bihar,2009-0638
25.81718474,86.58260238,flood,1935.3480224609375,2009,Bihar,2009-0638
14.47499759,77.57074427,flood,78.7120590209961,2009,Andhra Pradesh,2009-0429
16.21720423,75.62836499,flood,315.81109619140625,2009,Karnataka,2009-0429
16.11782721,74.82686904,flood,153.0506134033203,2009,Karnataka,2009-0429
15.10446289,76.53014633,flood,515.9624633789062,2009,Karnataka,2009-0429
18.83803101,80.76863925,flood,47.0052375793457,2009,Karnataka,2009-0429
14.35224954,75.93138905,flood,942.963623046875,2009,Karnataka,2009-0429
15.386687,75.15621228,flood,205.27008056640625,2009,Karnataka,2009-0429
15.42694579,75.66553546,flood,591.9376220703125,2009,Karnataka,2009-0429
17.25750794,76.86699826,flood,813.2575073242188,2009,Karnataka,2009-0429
16.29023485,80.08194333,flood,369.0785217285156,2009,Andhra Pradesh,2009-0429
14.73531126,75.41805982,flood,254.61248779296875,2009,Karnataka,2009-0429
18.54511489,79.23560559,flood,136.48223876953125,2009,Telangana,2009-0429
17.59082823,80.67917545,flood,2314.493408203125,2009,Telangana,2009-0429
15.55745944,76.22045344,flood,198.1592254638672,2009,Karnataka,2009-0429
16.55006848,80.79256277,flood,933.250732421875,2009,Andhra Pradesh,2009-0429
15.52775939,77.99973082,flood,216.84066772460938,2009,Andhra Pradesh,2009-0429
16.49340442,78.14042905,flood,177.52777099609375,2009,Telangana,2009-0429
17.06194463,79.28166651,flood,8797.583984375,2009,Telangana,2009-0429
16.08524285,76.8904085,flood,120.50215148925781,2009,Karnataka,2009-0429
26.66683535,91.34455199,storm,376.9725341796875,2010,Assam,2010-0694
26.37721495,91.38373673,storm,972.1552124023438,2010,Assam,2010-0694
16.29023485,80.08194333,storm,369.0785217285156,2010,Andhra Pradesh,2010-0198
16.55006848,80.79256277,storm,933.250732421875,2010,Andhra Pradesh,2010-0198
14.43556427,79.72017697,storm,82.7759017944336,2010,Andhra Pradesh,2010-0198
25.29954874,81.96597409,storm,924.7581787109375,2010,Uttar Pradesh,2010-0688
28.50606234,79.59117925,storm,914.6506958007812,2010,Uttar Pradesh,2010-0688
26.61473114,80.55017141,storm,601.4768676757812,2010,Uttar Pradesh,2010-0688
30.358248,76.96305073,flood,435.0978088378906,2010,Haryana,2010-0276
30.05091346,76.82975068,flood,306.4016418457031,2010,Haryana,2010-0276
29.69510172,79.48775484,flood,220.82728576660156,2010,Uttarakhand,2010-0492
29.31610846,79.45574999,flood,117.58293151855469,2010,Uttarakhand,2010-0492
13.04849576,80.23437074,flood,30440.984375,2010,Tamil Nadu,2010-0629
11.52490531,79.44715025,flood,1470.0198974609375,2010,Tamil Nadu,2010-0629
10.86120155,79.73576795,flood,783.8231201171875,2010,Tamil Nadu,2010-0629
10.3416504,78.86744128,flood,583.6029052734375,2010,Tamil Nadu,2010-0629
9.439387677,78.68104303,flood,284.9158630371094,2010,Tamil Nadu,2010-0629
10.65639586,79.22342874,flood,389.1169128417969,2010,Tamil Nadu,2010-0629
10.67184836,79.53370082,flood,802.5576782226562,2010,Tamil Nadu,2010-0629
8.789788196,77.52245428,flood,321.95294189453125,2010,Tamil Nadu,2010-0629
8.758004678,78.05390661,flood,830.2457885742188,2010,Tamil Nadu,2010-0629
11.96003858,79.28421145,flood,636.9973754882812,2010,Tamil Nadu,2010-0629
23.58822749,83.49431398,flood,105.75331115722656,2011,Uttar Pradesh,2011-0428
26.91728521,81.37096984,flood,892.1260986328125,2011,Uttar Pradesh,2011-0428
26.63350527,82.07168993,flood,826.7991333007812,2011,Uttar Pradesh,2011-0428
27.58774856,94.77483408,flood,295.153076171875,2011,Assam,2011-0422
26.10199199,91.42628315,flood,674.1968383789062,2011,Assam,2011-0422
20.98189206,84.90308876,flood,166.83299255371094,2011,Odisha,2011-0371
21.21540612,83.34469613,flood,165.6083984375,2011,Odisha,2011-0371
20.97856004,86.61667215,flood,698.9920654296875,2011,Odisha,2011-0371
20.44239318,85.6982686,flood,566.2169799804688,2011,Odisha,2011-0371
24.32656031,86.73476158,flood,665.9297485351562,2011,Odisha,2011-0371
20.82055836,85.51878477,flood,319.66522216796875,2011,Odisha,2011-0371
20.21756098,86.32964206,flood,707.6735229492188,2011,Odisha,2011-0371
20.8497324,86.14624701,flood,647.12109375,2011,Odisha,2011-0371
21.80337235,83.94901326,flood,504.83721923828125,2011,Odisha,2011-0371
20.54637395,86.60225642,flood,451.3252868652344,2011,Odisha,2011-0371
20.08247851,85.50483769,flood,281.9070129394531,2011,Odisha,2011-0371
21.890497,86.40634462,flood,51.6137809753418,2011,Odisha,2011-0371
20.20652947,84.99328054,flood,142.66232299804688,2011,Odisha,2011-0371
20.4601684,82.57037941,flood,82.0704116821289,2011,Odisha,2011-0371
21.44647928,84.2741026,flood,37.91794204711914,2011,Odisha,2011-0371
26.33685532,91.003862,flood,3524.647705078125,2012,Assam,2012-0179
26.34552612,90.61339899,flood,585.1564331054688,2012,Assam,2012-0179
26.62488181,90.67675591,flood,412.99517822265625,2012,Assam,2012-0179
26.44847938,92.03596836,flood,2532.54345703125,2012,Assam,2012-0179
27.58774856,94.77483408,flood,295.153076171875,2012,Assam,2012-0179
26.10069773,90.02798848,flood,1293.50390625,2012,Assam,2012-0179
26.04753791,90.61295409,flood,595.5044555664062,2012,Assam,2012-0179
24.49583288,92.58956318,flood,871.92138671875,2012,Assam,2012-0179
26.79628642,94.27389983,flood,653.9027099609375,2012,Assam,2012-0179
26.10199199,91.42628315,flood,674.1968383789062,2012,Assam,2012-0179
27.17536039,94.13589219,flood,414.982666015625,2012,Assam,2012-0179
26.28548305,92.2813274,flood,460.16510009765625,2012,Assam,2012-0179
26.37721495,91.38373673,flood,972.1552124023438,2012,Assam,2012-0179
27.01129084,94.82044837,flood,420.2320251464844,2012,Assam,2012-0179
26.78157942,92.92678872,flood,311.4494934082031,2012,Assam,2012-0179
27.58449365,95.62433404,flood,511.1370849609375,2012,Assam,2012-0179
26.73283045,92.01829013,flood,370.0754699707031,2012,Assam,2012-0179
29.99572737,79.84641101,flood,78.54464721679688,2012,Uttarakhand,2012-0354
30.5935937,79.09749807,flood,33.3566780090332,2012,Uttarakhand,2012-0354
33.11084362,75.68756667,earthquake,293.8059387207031,2013,Jammu And Kashmir,2013-0140
33.54599448,75.95021049,earthquake,7.7174906730651855,2013,Jammu And Kashmir,2013-0140
26.62488181,90.67675591,flood,412.99517822265625,2013,Assam,2013-0282
27.58774856,94.77483408,flood,295.153076171875,2013,Assam,2013-0282
26.47903141,93.83607668,flood,381.87200927734375,2013,Assam,2013-0282
26.79628642,94.27389983,flood,653.9027099609375,2013,Assam,2013-0282
26.10199199,91.42628315,flood,674.1968383789062,2013,Assam,2013-0282
24.57881405,92.38127235,flood,351.2722473144531,2013,Assam,2013-0282
27.17536039,94.13589219,flood,414.982666015625,2013,Assam,2013-0282
26.28548305,92.2813274,flood,460.16510009765625,2013,Assam,2013-0282
27.01129084,94.82044837,flood,420.2320251464844,2013,Assam,2013-0282
27.58449365,95.62433404,flood,511.1370849609375,2013,Assam,2013-0282
27.74197158,81.41210281,flood,637.8814086914062,2013,Uttar Pradesh,2013-0260
26.91728521,81.37096984,flood,892.1260986328125,2013,Uttar Pradesh,2013-0260
26.79008156,82.60750227,flood,736.7183837890625,2013,Uttar Pradesh,2013-0260
26.63350527,82.07168993,flood,826.7991333007812,2013,Uttar Pradesh,2013-0260
26.62470787,83.35919047,flood,1606.5975341796875,2013,Uttar Pradesh,2013-0260
26.86454297,83.92435365,flood,2085.85302734375,2013,Uttar Pradesh,2013-0260
26.230355,81.12496136,flood,849.86328125,2013,Uttar Pradesh,2013-0260
27.67717134,81.81549084,flood,861.5775146484375,2013,Uttar Pradesh,2013-0260
27.52320753,80.84636259,flood,1261.7921142578125,2013,Uttar Pradesh,2013-0260
26.24672901,82.21791262,flood,856.5454711914062,2013,Uttar Pradesh,2013-0260
23.48179285,77.39185605,flood,304.2041931152344,2013,Madhya Pradesh,2013-0345
22.59138404,77.98498366,flood,154.4573211669922,2013,Madhya Pradesh,2013-0345
23.17446788,79.94316101,flood,19893.185546875,2013,Madhya Pradesh,2013-0345
22.93719132,79.08117011,flood,704.9385986328125,2013,Madhya Pradesh,2013-0345
22.31738467,79.68387612,flood,100.21253204345703,2013,Madhya Pradesh,2013-0345
17.18512821,82.00214406,storm,161.44869995117188,2013,Andhra Pradesh,2013-0515
16.29023485,80.08194333,storm,369.0785217285156,2013,Andhra Pradesh,2013-0515
16.55006848,80.79256277,storm,933.250732421875,2013,Andhra Pradesh,2013-0515
17.88493739,82.68205636,storm,119.07237243652344,2013,Andhra Pradesh,2013-0515
16.88638554,81.39289921,storm,179.0831756591797,2013,Andhra Pradesh,2013-0515
26.0551594,83.04095761,flood,2432.76513671875,2014,Uttar Pradesh,2014-0408
23.58822749,83.49431398,flood,105.75331115722656,2014,Uttar Pradesh,2014-0408
26.91728521,81.37096984,flood,892.1260986328125,2014,Uttar Pradesh,2014-0408
26.63350527,82.07168993,flood,826.7991333007812,2014,Uttar Pradesh,2014-0408
28.12572584,80.65733351,flood,584.1364135742188,2014,Uttar Pradesh,2014-0408
27.67717134,81.81549084,flood,861.5775146484375,2014,Uttar Pradesh,2014-0408
27.52320753,80.84636259,flood,1261.7921142578125,2014,Uttar Pradesh,2014-0408
26.04753791,90.61295409,flood,595.5044555664062,2014,Assam,2014-0391
26.10199199,91.42628315,flood,674.1968383789062,2014,Assam,2014-0391
25.61978305,90.18615864,flood,101.59648132324219,2014,Meghalaya,2014-0391
25.82520677,86.89026818,storm,1090.6114501953125,2015,Bihar,2015-0164
26.40674188,86.21186545,storm,1006.6546630859375,2015,Bihar,2015-0164
25.81754275,87.40090119,storm,1231.5526123046875,2015,Bihar,2015-0164
26.59651346,85.55755515,storm,1804.3485107421875,2015,Bihar,2015-0164
26.24745361,86.79137468,storm,1079.77490234375,2015,Bihar,2015-0164
21.42212608,71.26448769,flood,160.26829528808594,2015,Gujarat,2015-0249
22.0149433,70.76149605,flood,156.77395629882812,2015,Gujarat,2015-0249
21.26454257,73.0734589,flood,534.9354858398438,2015,Gujarat,2015-0249
11.88265788,78.86498023,earthquake,393.4602355957031,2004,Puducherry,2004-0659
21.4888982,86.90431345,storm,438.2987060546875,1984,Odisha,1984-0227
22.4104231,87.26240707,storm,332.52783203125,1986,West Bengal,1986-0116
23.62539958,69.96716133,storm,0.0,1998,Gujarat,1998-0183
21.4888982,86.90431345,storm,438.2987060546875,1999,Odisha,1999-0425
23.62539958,69.96716133,earthquake,0.0,2001,Gujarat,2001-0033
22.88156947,88.07587628,storm,974.0533447265625,2003,West Bengal,2003-0134
7.525464224,93.59909377,earthquake,0.0,2004,Andaman And Nicobar,2004-0659
20.7986238,73.70614465,flood,105.0730972290039,2005,Gujarat,2005-0335
27.18644319,79.04400701,flood,939.27734375,2005,Uttar Pradesh,2005-0375
21.4888982,86.90431345,flood,438.2987060546875,2005,Odisha,2005-0541
22.4104231,87.26240707,flood,332.52783203125,2005,West Bengal,2005-0599
14.45074652,78.7743027,flood,116.05831909179688,2005,Andhra Pradesh,2005-0627
20.7986238,73.70614465,flood,105.0730972290039,2006,Gujarat,2006-0369
24.41103686,73.71456745,flood,197.1456298828125,2006,Rajasthan,2006-0469
27.08773605,82.0125259,flood,1564.7706298828125,2006,Uttar Pradesh,2006-0549
14.45074652,78.7743027,flood,116.05831909179688,2007,Andhra Pradesh,2007-0250
21.22281344,81.84979911,flood,525.2651977539062,2007,Chhattisgarh,2007-0240
14.45074652,78.7743027,flood,116.05831909179688,2007,Andhra Pradesh,2007-0469
21.4888982,86.90431345,flood,438.2987060546875,2007,Odisha,2007-0467
22.4104231,87.26240707,flood,332.52783203125,2007,West Bengal,2007-0467
25.22128669,85.44841103,flood,773.136962890625,2008,Bihar,2008-0486
10.91349374,79.79652665,flood,713.0593872070312,2008,Puducherry,2008-0560
22.88156947,88.07587628,storm,974.0533447265625,2009,West Bengal,2009-0204
17.95022208,77.22350402,flood,212.2579803466797,2009,Karnataka,2009-0429
14.78756283,74.62394327,flood,28.338787078857422,2009,Karnataka,2009-0429
14.45074652,78.7743027,flood,116.05831909179688,2009,Andhra Pradesh,2009-0429
27.08773605,82.0125259,flood,1564.7706298828125,2011,Uttar Pradesh,2011-0428
21.4888982,86.90431345,flood,438.2987060546875,2011,Odisha,2011-0371
20.64143504,84.17072091,flood,44.99605941772461,2011,Odisha,2011-0371
26.22552824,92.84166137,flood,21.193944931030273,2012,Assam,2012-0179
26.22552824,92.84166137,flood,21.193944931030273,2013,Assam,2013-0282
27.08773605,82.0125259,flood,1564.7706298828125,2013,Uttar Pradesh,2013-0260
27.08773605,82.0125259,flood,1564.7706298828125,2014,Uttar Pradesh,2014-0408
11.52811011,92.66512369,storm,12.277026176452637,1976,Andaman And Nicobar,1976-0147
19.86576549,85.69842138,storm,11.405223846435547,1981,Odisha,1981-0206
15.6113679,79.50950386,storm,129.7357177734375,1987,Andhra Pradesh,1987-0280
11.90931615,79.74830006,storm,2263.845703125,1993,Puducherry,1993-0085
15.6113679,79.50950386,flood,129.7357177734375,1997,Andhra Pradesh,1997-0357
21.59814824,71.92323212,storm,350.0779113769531,1998,Gujarat,1998-0183
19.86576549,85.69842138,storm,11.405223846435547,1999,Odisha,1999-0401
19.86576549,85.69842138,storm,11.405223846435547,1999,Odisha,1999-0425
15.6113679,79.50950386,flood,129.7357177734375,2000,Andhra Pradesh,2000-0534
21.59814824,71.92323212,earthquake,350.0779113769531,2001,Gujarat,2001-0033
19.86576549,85.69842138,flood,11.405223846435547,2001,Odisha,2001-0332
19.86576549,85.69842138,flood,11.405223846435547,2003,Odisha,2003-0683
10.05531494,76.47423388,earthquake,1070.87060546875,2004,Kerala,2004-0659
12.85293818,92.872859,earthquake,65.4376220703125,2004,Andaman And Nicobar,2004-0659
15.6113679,79.50950386,earthquake,129.7357177734375,2004,Andhra Pradesh,2004-0659
21.59814824,71.92323212,flood,350.0779113769531,2005,Gujarat,2005-0335
21.59814824,71.92323212,flood,350.0779113769531,2005,Gujarat,2005-0603
15.6113679,79.50950386,flood,129.7357177734375,2007,Andhra Pradesh,2007-0250
19.86576549,85.69842138,flood,11.405223846435547,2007,Odisha,2007-0596
19.86576549,85.69842138,flood,11.405223846435547,2007,Odisha,2007-0467
15.6113679,79.50950386,storm,129.7357177734375,2010,Andhra Pradesh,2010-0198
19.86576549,85.69842138,flood,11.405223846435547,2011,Odisha,2011-0371
25.45441147,89.93629654,flood,212.17030334472656,2014,Meghalaya,2014-0391
26.78257766,92.92733398,flood,311.4494934082031,1971,Assam,1971-0037
26.79524644,94.27414916,flood,653.9027099609375,1971,Assam,1971-0037
27.5903576,94.78022274,flood,295.153076171875,1971,Assam,1971-0037
28.36670229,77.99918678,storm,989.6281127929688,1975,Uttar Pradesh,1975-0052
19.62176158,84.65868176,storm,2830.944091796875,1990,Odisha,1990-0580
25.29988857,81.96480869,flood,955.7880859375,1992,Uttar Pradesh,1992-0546
26.38029305,80.32103344,flood,4291.44970703125,1992,Uttar Pradesh,1992-0546
25.47120022,80.55262669,flood,353.40020751953125,1992,Uttar Pradesh,1992-0546
24.58041329,92.37948378,flood,351.2722473144531,1993,Assam,1993-0326
25.90619844,84.81697681,flood,3692.432373046875,2001,Bihar,2001-0527
26.44506494,84.36829456,flood,1195.103515625,2001,Bihar,2001-0527
26.40622353,86.21180273,flood,1006.6546630859375,2001,Bihar,2001-0527
26.62073285,84.9164057,flood,2601.5595703125,2001,Bihar,2001-0527
18.9855279,72.83733064,flood,31894.984375,2007,Maharashtra,2007-0239
21.18929716,77.56873458,flood,250.1929473876953,2007,Maharashtra,2007-0239
27.5903576,94.78022274,flood,295.153076171875,2011,Assam,2011-0422
24.54011965,93.80276712,earthquake,17.051158905029297,2016,Manipur,2016-0002
24.80631058,93.77619621,earthquake,263.9012756347656,2016,Manipur,2016-0002
24.95138801,93.52811839,earthquake,29.268611907958984,2016,Manipur,2016-0002
24.53614326,93.97348943,earthquake,265.4009704589844,2016,Manipur,2016-0002
24.80769217,93.87762532,earthquake,2281.4658203125,2016,Manipur,2016-0002
25.20164854,94.04130978,earthquake,172.6555938720703,2016,Manipur,2016-0002
26.10362335,91.42709144,earthquake,674.1968383789062,2016,Assam,2016-0002
13.04808637,80.23495207,storm,30440.984375,2016,Tamil Nadu,2016-0485
25.45724219,85.21433241,storm,1183.30224609375,2016,Bihar,2016-0234
26.16285387,84.38079575,storm,3263.11865234375,2016,Bihar,2016-0234
26.15252629,85.32246146,storm,2145.7021484375,2016,Bihar,2016-0234
30.11188993,80.33363291,flood,11.10202693939209,2016,Uttarakhand,2016-0239
30.49854254,79.55834796,flood,17.212512969970703,2016,Uttarakhand,2016-0239
25.47040473,84.53556133,flood,1008.4762573242188,2016,Bihar,2016-0271
26.15252629,85.32246146,flood,2145.7021484375,2016,Bihar,2016-0271
25.26924572,87.0772599,flood,0.0,2016,Bihar,2016-0271
26.11468367,86.01743804,flood,1669.0897216796875,2016,Bihar,2016-0271
25.77765924,85.89603263,flood,1450.4378662109375,2016,Bihar,2016-0271
26.09631757,79.37968371,flood,465.027587890625,2016,Uttar Pradesh,2016-0271
25.81692386,86.58260747,flood,1935.3480224609375,2016,Bihar,2016-0271
26.29536332,87.92910356,flood,1274.4461669921875,2016,Bihar,2016-0271
25.62472918,83.54762871,flood,1428.4627685546875,2016,Uttar Pradesh,2016-0271
25.51226224,86.5962415,flood,1457.7869873046875,2016,Bihar,2016-0271
25.87745523,84.09685781,flood,1649.7144775390625,2016,Uttar Pradesh,2016-0271
25.47120022,80.55262669,flood,353.40020751953125,2016,Uttar Pradesh,2016-0271
25.82607812,86.88931311,flood,1090.6114501953125,2016,Bihar,2016-0271
25.22128669,85.44841103,flood,773.136962890625,2016,Bihar,2016-0271
26.62073285,84.9164057,flood,2601.5595703125,2016,Bihar,2016-0271
25.76301903,85.36202549,flood,2478.662353515625,2016,Bihar,2016-0271
25.39063107,82.90902975,flood,1688.3880615234375,2016,Uttar Pradesh,2016-0271
25.45724219,85.21433241,flood,1183.30224609375,2016,Bihar,2016-0271
25.81612158,87.40051472,flood,1480.7628173828125,2016,Bihar,2016-0271
26.44506494,84.36829456,flood,1195.103515625,2016,Bihar,2016-0271
25.21113816,86.52696012,flood,237.35858154296875,2016,Bihar,2016-0271
25.90619844,84.81697681,flood,3692.432373046875,2016,Bihar,2016-0271
25.49560022,86.12361437,flood,2114.715087890625,2016,Bihar,2016-0271
26.24678872,86.79186091,flood,1079.77490234375,2016,Bihar,2016-0271
28.77845644,77.47630696,flood,1257.297607421875,2016,Uttar Pradesh,2016-0271
25.4931557,84.09350224,flood,882.564453125,2016,Bihar,2016-0271
25.54515934,87.63888289,flood,1306.3065185546875,2016,Bihar,2016-0271
25.15973786,86.12817375,flood,1753.9036865234375,2016,Bihar,2016-0271
25.29988857,81.96480869,flood,955.7880859375,2016,Uttar Pradesh,2016-0271
26.20080642,87.34623316,flood,1358.39599609375,2016,Bihar,2016-0271
26.47876346,93.83687006,flood,381.87200927734375,2016,Assam,2016-0554
26.79524644,94.27414916,flood,653.9027099609375,2016,Assam,2016-0554
26.28572399,92.28019515,flood,460.16510009765625,2016,Assam,2016-0267
26.37544176,91.38392877,flood,972.1552124023438,2016,Assam,2016-0267
26.34628122,90.6135107,flood,585.1564331054688,2016,Assam,2016-0267
26.79524644,94.27414916,flood,653.9027099609375,2016,Assam,2016-0267
26.47876346,93.83687006,flood,381.87200927734375,2016,Assam,2016-0267
27.1743511,94.13502058,flood,307.83306884765625,2016,Assam,2016-0267
26.44938205,92.0344264,flood,2532.54345703125,2016,Assam,2016-0267
26.33773804,91.00368935,flood,3524.647705078125,2016,Assam,2016-0267
26.10159837,90.02789028,flood,1293.50390625,2016,Assam,2016-0267
26.04803491,90.60869689,flood,595.5044555664062,2016,Assam,2016-0267
23.81627575,79.52052596,flood,290.043701171875,2016,Madhya Pradesh,2016-0276
22.9947822,77.12512133,flood,155.67626953125,2016,Madhya Pradesh,2016-0276
23.38630639,76.55811081,flood,222.56533813476562,2016,Madhya Pradesh,2016-0276
22.31731975,79.68391717,flood,100.21253204345703,2016,Madhya Pradesh,2016-0276
23.48194594,77.39179098,flood,304.2041931152344,2016,Madhya Pradesh,2016-0276
23.22067052,78.11335768,flood,80.90213012695312,2016,Madhya Pradesh,2016-0276
23.83389366,76.0701864,flood,119.90792846679688,2016,Madhya Pradesh,2016-0276
22.66599298,80.44732944,flood,207.55886840820312,2016,Madhya Pradesh,2016-0276
24.53606099,80.82548753,flood,1546.22412109375,2016,Madhya Pradesh,2016-0276
23.89694194,77.80824361,flood,192.03968811035156,2016,Madhya Pradesh,2016-0276
23.85191907,78.7527538,flood,3538.09130859375,2016,Madhya Pradesh,2016-0276
24.99308393,78.93955092,flood,341.78570556640625,2016,Madhya Pradesh,2016-0276
24.42499035,80.1854626,flood,453.279296875,2016,Madhya Pradesh,2016-0276
24.75817049,81.58150737,flood,441.7847595214844,2016,Madhya Pradesh,2016-0276
22.59133624,77.98442733,flood,154.4573211669922,2016,Madhya Pradesh,2016-0276
23.17428218,79.94498854,flood,19893.185546875,2016,Madhya Pradesh,2016-0276
22.23714766,77.11804883,flood,132.08920288085938,2016,Madhya Pradesh,2016-0276
22.20506236,73.8618679,flood,321.998291015625,2016,Gujarat,2016-0304
17.66775236,74.18109413,flood,364.9470520019531,2016,Maharashtra,2016-0304
22.24580687,73.2496297,flood,600.5062866210938,2016,Gujarat,2016-0304
18.11593117,73.46237793,flood,491.11077880859375,2016,Maharashtra,2016-0304
20.41834827,73.12211882,flood,2265.201171875,2016,Gujarat,2016-0304
16.466794,74.16729997,flood,260.8841857910156,2016,Maharashtra,2016-0304
18.57054718,74.07657987,flood,395.3317565917969,2016,Maharashtra,2016-0304
20.81251292,73.10335846,flood,1288.2213134765625,2016,Gujarat,2016-0304
21.26413834,73.07407899,flood,472.1593017578125,2016,Gujarat,2016-0304
17.27267879,73.46052513,flood,120.92584228515625,2016,Maharashtra,2016-0304
20.26000302,74.07783819,flood,179.10812377929688,2016,Maharashtra,2016-0304
24.28101994,72.03944992,flood,450.2253112792969,2017,Gujarat,2017-0294
25.09505411,72.21691754,flood,148.750732421875,2017,Rajasthan,2017-0294
23.80473453,73.03751883,flood,235.16326904296875,2017,Gujarat,2017-0294
24.75842712,72.77903187,flood,110.18746185302734,2017,Rajasthan,2017-0294
21.26413834,73.07407899,flood,472.1593017578125,2017,Gujarat,2017-0294
20.81251292,73.10335846,flood,1288.2213134765625,2017,Gujarat,2017-0294
22.55172963,88.35233743,flood,36173.03125,2017,West Bengal,2017-0294
25.7301825,71.47896025,flood,198.840576171875,2017,Rajasthan,2017-0294
20.41834827,73.12211882,flood,2265.201171875,2017,Gujarat,2017-0294
23.76791761,71.80016255,flood,104.69034576416016,2017,Gujarat,2017-0294
25.70869575,73.52097224,flood,146.9334716796875,2017,Rajasthan,2017-0294
24.41103686,73.71456745,flood,197.1456298828125,2017,Rajasthan,2017-0294
24.80631058,93.77619621,flood,263.9012756347656,2017,Manipur,2017-0290
24.54011965,93.80276712,flood,17.051158905029297,2017,Manipur,2017-0290
24.53614326,93.97348943,flood,265.4009704589844,2017,Manipur,2017-0290
24.80769217,93.87762532,flood,2281.4658203125,2017,Manipur,2017-0290
13.04808637,80.23495207,flood,30440.984375,2017,Tamil Nadu,2017-0495
8.306035715,77.34650879,storm,540.845947265625,2017,Tamil Nadu,2017-0508
10.05531494,76.47423388,storm,1070.87060546875,2017,Kerala,2017-0508
14.43525601,79.719986,storm,82.7759017944336,2017,Andhra Pradesh,2017-0508
8.606249061,77.00468825,storm,4665.93310546875,2017,Kerala,2017-0508
8.757080872,78.05182667,storm,712.2622680664062,2017,Tamil Nadu,2017-0508
8.790112729,77.52306434,storm,321.95294189453125,2017,Tamil Nadu,2017-0508
11.48078208,75.83150225,storm,488.5828552246094,2017,Kerala,2017-0508
13.45659736,79.00393766,storm,191.88194274902344,2017,Andhra Pradesh,2017-0508
25.13575204,88.08761228,storm,693.3277587890625,2017,West Bengal,2017-0570
25.77765924,85.89603263,storm,1450.4378662109375,2017,Bihar,2017-0569
25.76301903,85.36202549,storm,2478.662353515625,2017,Bihar,2017-0569
24.78548597,86.28854756,storm,1131.2928466796875,2017,Bihar,2017-0569
27.1743511,94.13502058,flood,307.83306884765625,2017,Assam,2017-0289
26.33773804,91.00368935,flood,3524.647705078125,2017,Assam,2017-0289
26.78257766,92.92733398,flood,311.4494934082031,2017,Assam,2017-0289
26.58434301,90.19811008,flood,374.8116149902344,2017,Assam,2017-0289
26.28572399,92.28019515,flood,460.16510009765625,2017,Assam,2017-0289
26.22552824,92.84166137,flood,21.193944931030273,2017,Assam,2017-0289
26.79524644,94.27414916,flood,653.9027099609375,2017,Assam,2017-0289
26.62701504,90.6784655,flood,412.99517822265625,2017,Assam,2017-0289
26.47876346,93.83687006,flood,381.87200927734375,2017,Assam,2017-0289
24.58041329,92.37948378,flood,351.2722473144531,2017,Assam,2017-0289
27.3714173,95.05490893,flood,435.2449035644531,2017,Assam,2017-0289
24.81395989,92.85687296,flood,1440.563232421875,2017,Assam,2017-0289
27.01228832,94.81926657,flood,420.2320251464844,2017,Assam,2017-0289
26.10159837,90.02789028,flood,1293.50390625,2017,Assam,2017-0289
26.34628122,90.6135107,flood,585.1564331054688,2017,Assam,2017-0289
26.06838073,93.14761961,flood,402.1616516113281,2017,Assam,2017-0289
26.44938205,92.0344264,flood,2532.54345703125,2017,Assam,2017-0289
26.04803491,90.60869689,flood,595.5044555664062,2017,Assam,2017-0289
26.37544176,91.38392877,flood,972.1552124023438,2017,Assam,2017-0289
27.5903576,94.78022274,flood,295.153076171875,2017,Assam,2017-0289
27.1743511,94.13502058,flood,307.83306884765625,2017,Assam,2017-0180
26.44938205,92.0344264,flood,2532.54345703125,2017,Assam,2017-0180
24.58041329,92.37948378,flood,351.2722473144531,2017,Assam,2017-0180
25.45724219,85.21433241,storm,1183.30224609375,2017,Bihar,2017-0265
26.20080642,87.34623316,storm,1358.39599609375,2017,Bihar,2017-0265
24.98065579,84.01973522,storm,1961.7762451171875,2017,Bihar,2017-0265
25.76301903,85.36202549,storm,2478.662353515625,2017,Bihar,2017-0265
25.90619844,84.81697681,storm,3692.432373046875,2017,Bihar,2017-0265
25.22128669,85.44841103,storm,773.136962890625,2017,Bihar,2017-0265
24.69868487,84.92838202,storm,843.1932983398438,2017,Bihar,2017-0265
26.20080642,87.34623316,flood,1358.39599609375,2017,Bihar,2017-0342
26.03539667,83.50281806,flood,1522.63671875,2017,Uttar Pradesh,2017-0517
27.67840848,81.81582706,flood,861.5775146484375,2017,Uttar Pradesh,2017-0517
27.43630498,79.45148707,flood,955.5783081054688,2017,Uttar Pradesh,2017-0517
28.5477796,79.95036411,flood,327.89666748046875,2017,Uttar Pradesh,2017-0517
26.42372261,82.65982592,flood,882.2056274414062,2017,Uttar Pradesh,2017-0517
28.12759651,80.65653925,flood,604.7801513671875,2017,Uttar Pradesh,2017-0517
26.86466249,83.92526577,flood,2085.85302734375,2017,Uttar Pradesh,2017-0517
25.62472918,83.54762871,flood,1428.4627685546875,2017,Uttar Pradesh,2017-0517
26.78989967,82.60642135,flood,735.3889770507812,2017,Uttar Pradesh,2017-0517
26.91674239,81.37166054,flood,892.1260986328125,2017,Uttar Pradesh,2017-0517
29.39281735,78.38678405,flood,523.3524780273438,2017,Uttar Pradesh,2017-0517
27.74147244,81.41261918,flood,637.8814086914062,2017,Uttar Pradesh,2017-0517
25.87745523,84.09685781,flood,1649.7144775390625,2017,Uttar Pradesh,2017-0517
28.08645897,79.03157571,flood,1058.5435791015625,2017,Uttar Pradesh,2017-0517
26.42546561,83.82737358,flood,1168.9608154296875,2017,Uttar Pradesh,2017-0517
26.62570471,83.35993156,flood,1606.5975341796875,2017,Uttar Pradesh,2017-0517
26.63472236,82.07053533,flood,826.7991333007812,2017,Uttar Pradesh,2017-0517
27.48714704,82.36882358,flood,668.1097412109375,2017,Uttar Pradesh,2017-0517
29.41772157,77.72783132,flood,1202.3985595703125,2017,Uttar Pradesh,2017-0517
27.08773605,82.0125259,flood,1564.7706298828125,2017,Uttar Pradesh,2017-0517
27.18814937,83.50078258,flood,741.9994506835938,2017,Uttar Pradesh,2017-0517
27.52317919,80.84695757,flood,1261.7921142578125,2017,Uttar Pradesh,2017-0517
27.2328088,82.86031908,flood,1338.0477294921875,2017,Uttar Pradesh,2017-0517
24.98783267,82.61088768,flood,11.717056274414062,2017,Uttar Pradesh,2017-0517
26.05523836,83.04119512,flood,2432.76513671875,2017,Uttar Pradesh,2017-0517
26.74788429,83.03009249,flood,1404.298828125,2017,Uttar Pradesh,2017-0517
19.14276434,72.88212639,flood,7206.17529296875,2017,Maharashtra,2017-0364
19.35998574,73.33176973,flood,979.2318115234375,2017,Maharashtra,2017-0364
18.5711795,83.97930711,storm,658.5528564453125,2018,Andhra Pradesh,2018-0385
19.16509143,84.15327987,storm,269.2235412597656,2018,Odisha,2018-0385
19.86576549,85.69842138,storm,11.405223846435547,2018,Odisha,2018-0385
20.12263115,84.04012347,storm,46.39994812011719,2018,Odisha,2018-0385
19.62176158,84.65868176,storm,2830.944091796875,2018,Odisha,2018-0385
19.35501693,83.5062651,storm,113.31880950927734,2018,Odisha,2018-0385
10.65524983,79.22359064,storm,389.1169128417969,2018,Tamil Nadu,2018-0431
10.86369109,79.73608696,storm,783.8231201171875,2018,Tamil Nadu,2018-0431
13.04808637,80.23495207,storm,30440.984375,2018,Tamil Nadu,2018-0431
9.880751439,77.42393232,storm,339.35791015625,2018,Tamil Nadu,2018-0431
9.44291845,78.68033989,storm,239.55615234375,2018,Tamil Nadu,2018-0431
10.3420652,78.86659365,storm,583.6029052734375,2018,Tamil Nadu,2018-0431
13.23533078,79.93251948,storm,443.9454040527344,2018,Tamil Nadu,2018-0431
10.37926016,77.80498331,storm,194.34523010253906,2018,Tamil Nadu,2018-0431
9.909971376,77.98956528,storm,341.9027099609375,2018,Tamil Nadu,2018-0431
12.94637373,74.87996549,flood,1960.783935546875,2018,Karnataka,2018-0216
26.73321037,92.01966262,flood,431.4762878417969,2018,Assam,2018-0345
26.47876346,93.83687006,flood,381.87200927734375,2018,Assam,2018-0345
27.01228832,94.81926657,flood,420.2320251464844,2018,Assam,2018-0345
27.5903576,94.78022274,flood,295.153076171875,2018,Assam,2018-0345
26.44938205,92.0344264,flood,2532.54345703125,2018,Assam,2018-0345
26.33773804,91.00368935,flood,3524.647705078125,2018,Assam,2018-0345
10.46560913,76.31187393,flood,777.77734375,2018,Kerala,2018-0295
9.285333948,76.58552026,flood,1136.342529296875,2018,Kerala,2018-0295
34.12935326,74.89834859,extreme temperature ,4254.92236328125,2010,Jammu And Kashmir,2009-0595
31.90784167,77.38444878,extreme temperature ,49.335086822509766,2011,Himachal Pradesh,2011-0007
25.7491782,82.56705605,extreme temperature ,1795.9169921875,2011,Uttar Pradesh,2011-0007
31.04658426,76.89569492,extreme temperature ,192.84815979003906,2011,Himachal Pradesh,2011-0007
25.29988857,81.96480869,extreme temperature ,955.7880859375,2011,Uttar Pradesh,2011-0007
31.20135196,77.61780441,extreme temperature ,156.712890625,2011,Himachal Pradesh,2011-0007
26.93123761,81.20562173,extreme temperature ,12067.7294921875,2011,Uttar Pradesh,2011-0007
16.29143861,80.08127789,extreme temperature ,813.7496948242188,2012,Andhra Pradesh,2012-0015
17.71879739,83.22823982,extreme temperature ,1850.243896484375,2012,Andhra Pradesh,2012-0015
16.55041094,80.79289725,extreme temperature ,933.250732421875,2013,Andhra Pradesh,2013-0208
17.0618901,79.2814506,extreme temperature ,8797.583984375,2013,Telangana,2013-0208
17.94997383,79.79165863,extreme temperature ,678.9217529296875,2013,Telangana,2013-0208
16.29143861,80.08127789,extreme temperature ,813.7496948242188,2013,Andhra Pradesh,2013-0208
19.25443302,78.96672966,extreme temperature ,138.43792724609375,2013,Telangana,2013-0208
17.59004039,80.67908803,extreme temperature ,2314.493408203125,2013,Telangana,2013-0208
18.54622673,79.23473572,extreme temperature ,136.48223876953125,2013,Telangana,2013-0208
15.6113679,79.50950386,extreme temperature ,129.7357177734375,2013,Andhra Pradesh,2013-0208
17.18385315,82.00102149,extreme temperature ,161.44869995117188,2013,Andhra Pradesh,2013-0208
17.71879739,83.22823982,extreme temperature ,1850.243896484375,2013,Andhra Pradesh,2013-0208
18.52396941,78.13937539,extreme temperature ,284.8019714355469,2013,Telangana,2013-0208
16.8868925,81.39222801,extreme temperature ,179.0831756591797,2013,Andhra Pradesh,2013-0208
29.41772157,77.72783132,extreme temperature ,1202.3985595703125,2014,Uttar Pradesh,2014-0520
32.48336537,77.5992014,landslide,1.3170652389526367,1979,Himachal Pradesh,1979-0030
33.01467143,76.51266898,landslide,6.338669776916504,1979,Himachal Pradesh,1979-0030
23.83655634,92.88807365,landslide,21.162565231323242,1992,Mizoram,1992-0332
31.90784167,77.38444878,landslide,49.335086822509766,1995,Himachal Pradesh,1995-0202
27.29288574,88.67133148,landslide,81.65999603271484,1997,Sikkim,1997-0124
29.39281735,78.38678405,landslide,523.3524780273438,2000,Uttar Pradesh,2000-0358
28.87817856,78.78173732,landslide,1230.36474609375,2000,Uttar Pradesh,2000-0358
19.14276434,72.88212639,landslide,7206.17529296875,2000,Maharashtra,2000-0415
29.39179674,79.54957776,landslide,177.1984100341797,2000,Uttarakhand,2000-0498
30.11188993,80.33363291,landslide,11.10202693939209,2000,Uttarakhand,2000-0498
30.59482498,79.09849168,landslide,33.3566780090332,2001,Uttarakhand,2001-0414
32.67832209,76.33764139,landslide,49.658626556396484,2001,Himachal Pradesh,2001-0501
8.606249061,77.00468825,landslide,4665.93310546875,2001,Kerala,2001-0618
26.10362335,91.42709144,landslide,674.1968383789062,2005,Assam,2005-0457
30.11188993,80.33363291,landslide,11.10202693939209,2009,Uttarakhand,2009-0315
19.14276434,72.88212639,landslide,7206.17529296875,2009,Maharashtra,2009-0383
18.57054718,74.07657987,landslide,395.3317565917969,2014,Maharashtra,2014-0270
27.58426781,95.62551853,landslide,511.1370849609375,2015,Assam,2015-0226
27.1743511,94.13502058,landslide,307.83306884765625,2015,Assam,2015-0226
26.10362335,91.42709144,landslide,674.1968383789062,2015,Assam,2015-0226
26.33773804,91.00368935,landslide,3524.647705078125,2015,Assam,2015-0226
26.34628122,90.6135107,landslide,585.1564331054688,2015,Assam,2015-0226
26.79524644,94.27414916,landslide,653.9027099609375,2015,Assam,2015-0226
26.37544176,91.38392877,landslide,972.1552124023438,2015,Assam,2015-0226
26.78257766,92.92733398,landslide,311.4494934082031,2015,Assam,2015-0226
26.04803491,90.60869689,landslide,595.5044555664062,2015,Assam,2015-0226
27.5903576,94.78022274,landslide,295.153076171875,2015,Assam,2015-0226
26.44938205,92.0344264,landslide,2532.54345703125,2015,Assam,2015-0226
26.22552824,92.84166137,landslide,21.193944931030273,2015,Assam,2015-0226
27.3714173,95.05490893,landslide,435.2449035644531,2015,Assam,2015-0226
34.28777104,75.02968379,landslide,46.66593933105469,2017,Jammu And Kashmir,2017-0046
31.6414522,76.97793445,landslide,216.3194580078125,2017,Himachal Pradesh,2017-0483
27.27460429,93.58822996,landslide,8.273449897766113,2017,Arunachal Pradesh,2017-0266
29.22039493,75.80474983,drought,957.7820434570312,1982,Haryana,1982-9350
28.37472116,76.92190441,drought,6205.89111328125,1982,Haryana,1982-9350
28.91414735,76.51108116,drought,422.3103942871094,1982,Haryana,1982-9350
28.72409633,75.95756045,drought,154.18582153320312,1982,Haryana,1982-9350
28.17826088,76.13633286,drought,881.2894897460938,1982,Haryana,1982-9350
28.64651897,77.10897953,drought,37020.80078125,2000,NCT Of Delhi,2000-9222
17.25711929,76.86719102,drought,813.2575073242188,2009,Karnataka,2009-9323
26.44503166,79.84666306,drought,652.3233642578125,2009,Uttar Pradesh,2009-9323
25.47120022,80.55262669,drought,353.40020751953125,2009,Uttar Pradesh,2009-9323
25.20893583,81.08126405,drought,331.10711669921875,2009,Uttar Pradesh,2009-9323
21.88125376,80.35392911,drought,121.60385131835938,2009,Madhya Pradesh,2009-9323
25.87745523,84.09685781,drought,1649.7144775390625,2009,Uttar Pradesh,2009-9323
11.94868299,77.09035864,drought,242.08505249023438,2009,Karnataka,2009-9323
16.2179957,75.62653449,drought,315.81109619140625,2009,Karnataka,2009-9323
23.14842269,81.87203537,drought,544.1893920898438,2009,Madhya Pradesh,2009-9323
20.11674218,79.43777723,drought,10.496612548828125,2009,Maharashtra,2009-9323
24.17309811,84.8802161,drought,405.87640380859375,2009,Jharkhand,2009-9323
26.05523836,83.04119512,drought,2432.76513671875,2009,Uttar Pradesh,2009-9323
26.22807992,74.76425185,drought,157.8314666748047,2009,Rajasthan,2009-9323
24.8022047,79.65755942,drought,243.45509338378906,2009,Madhya Pradesh,2009-9323
14.16205121,76.51248937,drought,239.36978149414062,2009,Karnataka,2009-9323
20.51082539,76.40431818,drought,63.757442474365234,2009,Maharashtra,2009-9323
24.83549819,74.7818775,drought,170.07418823242188,2009,Rajasthan,2009-9323
21.37435876,76.36909151,drought,258.84820556640625,2009,Madhya Pradesh,2009-9323
21.18929716,77.56873458,drought,250.1929473876953,2009,Maharashtra,2009-9323
28.84339731,78.34914672,drought,1198.3076171875,2009,Uttar Pradesh,2009-9323
32.67832209,76.33764139,drought,49.658626556396484,2009,Himachal Pradesh,2009-9323
26.04803491,90.60869689,drought,595.5044555664062,2009,Assam,2009-9323
26.64988023,79.44951044,drought,1345.6220703125,2009,Uttar Pradesh,2009-9323
24.54011965,93.80276712,drought,17.051158905029297,2009,Manipur,2009-9323
22.9374019,79.08131479,drought,704.9385986328125,2009,Madhya Pradesh,2009-9323
26.10362335,91.42709144,drought,674.1968383789062,2009,Assam,2009-9323
32.11033015,76.30224823,drought,707.1470336914062,2009,Himachal Pradesh,2009-9323
24.5619121,87.65833573,drought,491.7833557128906,2009,Jharkhand,2009-9323
25.48307294,74.7268655,drought,202.01058959960938,2009,Rajasthan,2009-9323
24.30377657,93.42099621,drought,9.893359184265137,2009,Manipur,2009-9323
19.78228247,80.2342336,drought,35.81637954711914,2009,Maharashtra,2009-9323
24.81395989,92.85687296,drought,1440.563232421875,2009,Assam,2009-9323
28.39576485,77.53741378,drought,269.6946716308594,2009,Uttar Pradesh,2009-9323
24.69868487,84.92838202,drought,843.1932983398438,2009,Bihar,2009-9323
28.77845644,77.47630696,drought,1257.297607421875,2009,Uttar Pradesh,2009-9323
28.19102754,73.07660018,drought,12.616466522216797,2009,Rajasthan,2009-9323
24.24120419,94.09550378,drought,11.103774070739746,2009,Manipur,2009-9323
25.13154554,85.81459535,drought,1339.091064453125,2009,Bihar,2009-9323
24.85878308,87.30630656,drought,640.2651977539062,2009,Jharkhand,2009-9323
26.47876346,93.83687006,drought,381.87200927734375,2009,Assam,2009-9323
27.01770598,79.67846091,drought,720.4639282226562,2009,Uttar Pradesh,2009-9323
15.42780357,75.66666991,drought,591.9376220703125,2009,Karnataka,2009-9323
25.474335,75.77371292,drought,210.56103515625,2009,Rajasthan,2009-9323
24.22199727,81.82739323,drought,202.25784301757812,2009,Madhya Pradesh,2009-9323
25.4931557,84.09350224,drought,882.564453125,2009,Bihar,2009-9323
23.47718841,74.36533615,drought,977.6241455078125,2009,Rajasthan,2009-9323
28.45553052,79.41114726,drought,1392.3604736328125,2009,Uttar Pradesh,2009-9323
25.7301825,71.47896025,drought,198.840576171875,2009,Rajasthan,2009-9323
25.13946741,83.25276015,drought,802.5521850585938,2009,Uttar Pradesh,2009-9323
21.78963664,75.02330476,drought,222.653564453125,2009,Madhya Pradesh,2009-9323
26.78989967,82.60642135,drought,735.3889770507812,2009,Uttar Pradesh,2009-9323
25.49560022,86.12361437,drought,2114.715087890625,2009,Bihar,2009-9323
16.11776998,74.82789853,drought,153.0506134033203,2009,Karnataka,2009-9323
31.20135196,77.61780441,drought,156.712890625,2009,Himachal Pradesh,2009-9323
23.10072063,84.52778655,drought,673.5569458007812,2009,Jharkhand,2009-9323
24.55933171,77.19593278,drought,155.53427124023438,2009,Madhya Pradesh,2009-9323
26.42650112,78.71485018,drought,395.1893310546875,2009,Madhya Pradesh,2009-9323
12.60358581,76.79049069,drought,964.5145263671875,2009,Karnataka,2009-9323
25.47040473,84.53556133,drought,1008.4762573242188,2009,Bihar,2009-9323
18.9251127,75.80200054,drought,185.30856323242188,2009,Maharashtra,2009-9323
25.15618328,85.02165589,drought,1003.1610107421875,2009,Bihar,2009-9323
29.39281735,78.38678405,drought,523.3524780273438,2009,Uttar Pradesh,2009-9323
22.89343075,74.67399521,drought,442.55340576171875,2009,Madhya Pradesh,2009-9323
25.51059209,78.94644493,drought,172.71189880371094,2009,Uttar Pradesh,2009-9323
23.69166873,85.98753915,drought,426.80596923828125,2009,Jharkhand,2009-9323
26.34628122,90.6135107,drought,585.1564331054688,2009,Assam,2009-9323
31.58272312,76.19571289,drought,214.75375366210938,2009,Himachal Pradesh,2009-9323
28.36670229,77.99918678,drought,989.6281127929688,2009,Uttar Pradesh,2009-9323
27.5903576,94.78022274,drought,295.153076171875,2009,Assam,2009-9323
25.39063107,82.90902975,drought,1688.3880615234375,2009,Uttar Pradesh,2009-9323
20.75028542,77.0445658,drought,249.9668426513672,2009,Maharashtra,2009-9323
27.92616556,78.07718214,drought,9902.3388671875,2009,Uttar Pradesh,2009-9323
25.29988857,81.96480869,drought,955.7880859375,2009,Uttar Pradesh,2009-9323
27.59682449,76.59800451,drought,613.1895751953125,2009,Rajasthan,2009-9323
26.42372261,82.65982592,drought,882.2056274414062,2009,Uttar Pradesh,2009-9323
25.49152066,81.4589688,drought,1055.3892822265625,2009,Uttar Pradesh,2009-9323
31.60135834,78.39687129,drought,30.281028747558594,2009,Himachal Pradesh,2009-9323
26.29536332,87.92910356,drought,1274.4461669921875,2009,Bihar,2009-9323
24.61411819,77.86943135,drought,136.24481201171875,2009,Madhya Pradesh,2009-9323
25.76701194,94.10649881,drought,30.514925003051758,2009,Nagaland,2009-9323
26.58434301,90.19811008,drought,374.8116149902344,2009,Assam,2009-9323
19.23321709,74.64550271,drought,156.11004638671875,2009,Maharashtra,2009-9323
16.466794,74.16729997,drought,260.8841857910156,2009,Maharashtra,2009-9323
12.94229481,77.58682464,drought,20549.931640625,2009,Karnataka,2009-9323
13.21776145,77.56624897,drought,543.0567626953125,2009,Karnataka,2009-9323
24.85193493,86.83421591,drought,197.2294464111328,2009,Bihar,2009-9323
27.1743511,94.13502058,drought,307.83306884765625,2009,Assam,2009-9323
27.33438763,80.15249211,drought,1102.07763671875,2009,Uttar Pradesh,2009-9323
26.33773804,91.00368935,drought,3524.647705078125,2009,Assam,2009-9323
14.35150198,75.93132825,drought,942.963623046875,2009,Karnataka,2009-9323
23.47458477,84.66307128,drought,637.4210205078125,2009,Jharkhand,2009-9323
26.84669709,80.89700407,drought,18115.81640625,2009,Uttar Pradesh,2009-9323
25.82607812,86.88931311,drought,1090.6114501953125,2009,Bihar,2009-9323
15.10503261,76.53055843,drought,515.9624633789062,2009,Karnataka,2009-9323
13.12876489,78.20854177,drought,255.27947998046875,2009,Karnataka,2009-9323
27.18644319,79.04400701,drought,939.27734375,2009,Uttar Pradesh,2009-9323
31.6414522,76.97793445,drought,216.3194580078125,2009,Himachal Pradesh,2009-9323
22.66599298,80.44732944,drought,207.55886840820312,2009,Madhya Pradesh,2009-9323
25.77766753,93.7874206,drought,436.6131591796875,2009,Nagaland,2009-9323
27.60062115,77.62079787,drought,1284.056640625,2009,Uttar Pradesh,2009-9323
17.95022208,77.22350402,drought,212.2579803466797,2009,Karnataka,2009-9323
25.7491782,82.56705605,drought,1795.9169921875,2009,Uttar Pradesh,2009-9323
24.98783267,82.61088768,drought,11.717056274414062,2009,Uttar Pradesh,2009-9323
26.47710622,94.53166014,drought,25.194612503051758,2009,Nagaland,2009-9323
26.74904967,72.78783353,drought,126.51168823242188,2009,Rajasthan,2009-9323
26.79524644,94.27414916,drought,653.9027099609375,2009,Assam,2009-9323
26.41925906,77.86093974,drought,437.2142028808594,2009,Madhya Pradesh,2009-9323
27.00750514,78.06292449,drought,1039.2550048828125,2009,Uttar Pradesh,2009-9323
25.21113816,86.52696012,drought,237.35858154296875,2009,Bihar,2009-9323
29.41772157,77.72783132,drought,1202.3985595703125,2009,Uttar Pradesh,2009-9323
26.15252629,85.32246146,drought,2145.7021484375,2009,Bihar,2009-9323
17.66775236,74.18109413,drought,364.9470520019531,2009,Maharashtra,2009-9323
12.20217573,76.43608261,drought,212.3929901123047,2009,Karnataka,2009-9323
26.22552824,92.84166137,drought,21.193944931030273,2009,Assam,2009-9323
27.06639984,74.18374439,drought,95.68565368652344,2009,Rajasthan,2009-9323
25.22128669,85.44841103,drought,773.136962890625,2009,Bihar,2009-9323
26.37544176,91.38392877,drought,972.1552124023438,2009,Assam,2009-9323
19.11517989,77.62064376,drought,242.48939514160156,2009,Maharashtra,2009-9323
21.54721783,74.21990767,drought,325.1458740234375,2009,Maharashtra,2009-9323
23.6373508,76.93602482,drought,273.4484558105469,2009,Madhya Pradesh,2009-9323
20.26000302,74.07783819,drought,179.10812377929688,2009,Maharashtra,2009-9323
24.81098566,85.58705663,drought,1613.43310546875,2009,Bihar,2009-9323
18.18822589,76.03923706,drought,3704.56689453125,2009,Maharashtra,2009-9323
27.2328088,82.86031908,drought,1338.0477294921875,2009,Uttar Pradesh,2009-9323
24.2002356,84.15857359,drought,534.328125,2009,Jharkhand,2009-9323
28.29270467,74.56158048,drought,77.28832244873047,2009,Rajasthan,2009-9323
23.81627575,79.52052596,drought,290.043701171875,2009,Madhya Pradesh,2009-9323
25.15973786,86.12817375,drought,1753.9036865234375,2009,Bihar,2009-9323
23.71718839,84.43610109,drought,471.7194519042969,2009,Jharkhand,2009-9323
18.37348473,76.75954491,drought,245.841552734375,2009,Maharashtra,2009-9323
26.866094,76.51993413,drought,981.569580078125,2009,Rajasthan,2009-9323
28.5477796,79.95036411,drought,327.89666748046875,2009,Uttar Pradesh,2009-9323
24.32680721,86.73520844,drought,665.9297485351562,2009,Jharkhand,2009-9323
23.17428218,79.94498854,drought,19893.185546875,2009,Madhya Pradesh,2009-9323
25.26924572,87.0772599,drought,0.0,2009,Bihar,2009-9323
23.83030577,86.47081811,drought,1608.18212890625,2009,Jharkhand,2009-9323
23.22067052,78.11335768,drought,80.90213012695312,2009,Madhya Pradesh,2009-9323
26.10159837,90.02789028,drought,1293.50390625,2009,Assam,2009-9323
19.81972569,75.98260687,drought,333.11468505859375,2009,Maharashtra,2009-9323
27.3714173,95.05490893,drought,435.2449035644531,2009,Assam,2009-9323
26.03539667,83.50281806,drought,1522.63671875,2009,Uttar Pradesh,2009-9323
29.04163995,77.78360281,drought,3506.68505859375,2009,Uttar Pradesh,2009-9323
23.73416432,73.85793496,drought,335.4676513671875,2009,Rajasthan,2009-9323
24.98065579,84.01973522,drought,1961.7762451171875,2009,Bihar,2009-9323
26.68463757,95.02184913,drought,84.29833984375,2009,Nagaland,2009-9323
28.87817856,78.78173732,drought,1230.36474609375,2009,Uttar Pradesh,2009-9323
27.43630498,79.45148707,drought,955.5783081054688,2009,Uttar Pradesh,2009-9323
28.08645897,79.03157571,drought,1058.5435791015625,2009,Uttar Pradesh,2009-9323
27.20601003,78.45673912,drought,1157.552978515625,2009,Uttar Pradesh,2009-9323
22.84213058,85.94565083,drought,122.50687408447266,2009,Jharkhand,2009-9323
29.40776536,73.59830158,drought,119.13782501220703,2009,Rajasthan,2009-9323
23.89694194,77.80824361,drought,192.03968811035156,2009,Madhya Pradesh,2009-9323
24.10337949,83.68971716,drought,601.8316650390625,2009,Jharkhand,2009-9323
22.9947822,77.12512133,drought,155.67626953125,2009,Madhya Pradesh,2009-9323
25.20164854,94.04130978,drought,172.6555938720703,2009,Manipur,2009-9323
25.62472918,83.54762871,drought,1428.4627685546875,2009,Uttar Pradesh,2009-9323
24.29685083,86.10391796,drought,376.5882263183594,2009,Jharkhand,2009-9323
23.38630639,76.55811081,drought,222.56533813476562,2009,Madhya Pradesh,2009-9323
24.51849724,85.70239701,drought,155.66990661621094,2009,Jharkhand,2009-9323
27.01228832,94.81926657,drought,420.2320251464844,2009,Assam,2009-9323
27.07029578,70.90052935,drought,12.430158615112305,2009,Rajasthan,2009-9323
26.09631757,79.37968371,drought,465.027587890625,2009,Uttar Pradesh,2009-9323
25.36784211,77.806148,drought,192.67543029785156,2009,Madhya Pradesh,2009-9323
26.04504563,78.13879231,drought,221.8609161376953,2009,Madhya Pradesh,2009-9323
24.49649775,92.58903387,drought,871.92138671875,2009,Assam,2009-9323
29.24014105,74.59694826,drought,89.7905044555664,2009,Rajasthan,2009-9323
24.75842712,72.77903187,drought,110.18746185302734,2009,Rajasthan,2009-9323
25.84533124,78.60677123,drought,378.0822448730469,2009,Madhya Pradesh,2009-9323
27.57614782,78.14403194,drought,945.3768310546875,2009,Uttar Pradesh,2009-9323
19.61534781,77.11657306,drought,152.00404357910156,2009,Maharashtra,2009-9323
31.04658426,76.89569492,drought,192.84815979003906,2009,Himachal Pradesh,2009-9323
18.57054718,74.07657987,drought,395.3317565917969,2009,Maharashtra,2009-9323
25.35239321,79.69269274,drought,264.8685302734375,2009,Uttar Pradesh,2009-9323
26.61433977,80.54996017,drought,601.4768676757812,2009,Uttar Pradesh,2009-9323
25.76301903,85.36202549,drought,2478.662353515625,2009,Bihar,2009-9323
20.93742506,75.49131842,drought,202.40077209472656,2009,Maharashtra,2009-9323
25.19742506,73.87531867,drought,197.69027709960938,2009,Rajasthan,2009-9323
25.09505411,72.21691754,drought,148.750732421875,2009,Rajasthan,2009-9323
23.97528326,86.91165902,drought,247.99462890625,2009,Jharkhand,2009-9323
24.78548597,86.28854756,drought,1131.2928466796875,2009,Bihar,2009-9323
26.17328255,94.88852417,drought,33.39358139038086,2009,Nagaland,2009-9323
13.51351098,76.94143582,drought,159.37815856933594,2009,Karnataka,2009-9323
24.41103686,73.71456745,drought,197.1456298828125,2009,Rajasthan,2009-9323
25.02613268,94.43563413,drought,60.75742721557617,2009,Manipur,2009-9323
23.6064873,80.91357691,drought,78.39641571044922,2009,Madhya Pradesh,2009-9323
26.63472236,82.07053533,drought,826.7991333007812,2009,Uttar Pradesh,2009-9323
25.75811525,77.00484609,drought,19.804380416870117,2009,Madhya Pradesh,2009-9323
22.74847742,76.45428243,drought,133.01251220703125,2009,Madhya Pradesh,2009-9323
25.90619844,84.81697681,drought,3692.432373046875,2009,Bihar,2009-9323
26.06838073,93.14761961,drought,402.1616516113281,2009,Assam,2009-9323
24.58041329,92.37948378,drought,351.2722473144531,2009,Assam,2009-9323
25.54515934,87.63888289,drought,1306.3065185546875,2009,Bihar,2009-9323
23.70367012,80.33473372,drought,215.30596923828125,2009,Madhya Pradesh,2009-9323
26.00832708,94.48657926,drought,80.7242202758789,2009,Nagaland,2009-9323
23.46327804,81.43297485,drought,121.56151580810547,2009,Madhya Pradesh,2009-9323
27.98172202,79.83424659,drought,578.0410766601562,2009,Uttar Pradesh,2009-9323
24.87190497,93.87491997,drought,243.5416259765625,2009,Manipur,2009-9323
26.78954291,79.08139024,drought,1292.4949951171875,2009,Uttar Pradesh,2009-9323
26.42546561,83.82737358,drought,1168.9608154296875,2009,Uttar Pradesh,2009-9323
26.28572399,92.28019515,drought,460.16510009765625,2009,Assam,2009-9323
16.08555462,76.890099,drought,120.50215148925781,2009,Karnataka,2009-9323
15.55802224,76.2204106,drought,218.0970916748047,2009,Karnataka,2009-9323
31.90784167,77.38444878,drought,49.335086822509766,2009,Himachal Pradesh,2009-9323
26.86466249,83.92526577,drought,2085.85302734375,2009,Uttar Pradesh,2009-9323
19.28577532,76.68153024,drought,279.0812683105469,2009,Maharashtra,2009-9323
26.44938205,92.0344264,drought,2532.54345703125,2009,Assam,2009-9323
25.45724219,85.21433241,drought,1183.30224609375,2009,Bihar,2009-9323
25.65232224,94.5381951,drought,60.14511489868164,2009,Nagaland,2009-9323
26.16285387,84.38079575,drought,3263.11865234375,2009,Bihar,2009-9323
29.95468093,77.53533551,drought,33983.578125,2009,Uttar Pradesh,2009-9323
17.78882447,75.48515983,drought,199.51780700683594,2009,Maharashtra,2009-9323
25.87788114,80.79821481,drought,985.1441040039062,2009,Uttar Pradesh,2009-9323
26.74788429,83.03009249,drought,1404.298828125,2009,Uttar Pradesh,2009-9323
19.35998574,73.33176973,drought,979.2318115234375,2009,Maharashtra,2009-9323
21.11152061,74.60495446,drought,142.15924072265625,2009,Maharashtra,2009-9323
23.33106205,85.36569401,drought,1119.8917236328125,2009,Jharkhand,2009-9323
23.5041768,75.09013443,drought,226.87881469726562,2009,Madhya Pradesh,2009-9323
22.83514819,81.04562006,drought,47.93950271606445,2009,Madhya Pradesh,2009-9323
24.31833929,87.26116485,drought,583.556396484375,2009,Jharkhand,2009-9323
27.51771732,78.70204012,drought,851.1124877929688,2009,Uttar Pradesh,2009-9323
26.24714054,82.21743716,drought,856.5454711914062,2009,Uttar Pradesh,2009-9323
23.85191907,78.7527538,drought,3538.09130859375,2009,Madhya Pradesh,2009-9323
26.98375164,75.71827969,drought,1525.3360595703125,2009,Rajasthan,2009-9323
26.19275898,76.44437777,drought,160.8135528564453,2009,Rajasthan,2009-9323
24.95138801,93.52811839,drought,29.268611907958984,2009,Manipur,2009-9323
24.9927341,83.59852973,drought,838.6228637695312,2009,Bihar,2009-9323
24.53606099,80.82548753,drought,1546.22412109375,2009,Madhya Pradesh,2009-9323
27.52317919,80.84695757,drought,1261.7921142578125,2009,Uttar Pradesh,2009-9323
27.48714704,82.36882358,drought,668.1097412109375,2009,Uttar Pradesh,2009-9323
26.23054908,81.12559541,drought,849.86328125,2009,Uttar Pradesh,2009-9323
26.59661166,85.55704574,drought,2015.7672119140625,2009,Bihar,2009-9323
17.11071524,74.7748266,drought,579.407470703125,2009,Maharashtra,2009-9323
22.57915046,86.44724919,drought,539.1295166015625,2009,Jharkhand,2009-9323
30.67210145,77.41744738,drought,81.77149963378906,2009,Himachal Pradesh,2009-9323
25.70869575,73.52097224,drought,146.9334716796875,2009,Rajasthan,2009-9323
24.42499035,80.1854626,drought,453.279296875,2009,Madhya Pradesh,2009-9323
25.0070313,87.67436273,drought,320.6046447753906,2009,Jharkhand,2009-9323
24.75817049,81.58150737,drought,441.7847595214844,2009,Madhya Pradesh,2009-9323
22.41646071,85.51346853,drought,19.339792251586914,2009,Jharkhand,2009-9323
24.99308393,78.93955092,drought,341.78570556640625,2009,Madhya Pradesh,2009-9323
27.58426781,95.62551853,drought,511.1370849609375,2009,Assam,2009-9323
26.78257766,92.92733398,drought,311.4494934082031,2009,Assam,2009-9323
27.6400214,75.28126187,drought,238.84432983398438,2009,Rajasthan,2009-9323
20.79632095,78.58272723,drought,524.83984375,2009,Maharashtra,2009-9323
26.15000045,75.6673405,drought,259.2691650390625,2009,Rajasthan,2009-9323
24.53614326,93.97348943,drought,265.4009704589844,2009,Manipur,2009-9323
28.80158216,79.09400176,drought,1126.1136474609375,2009,Uttar Pradesh,2009-9323
20.23844684,77.21651461,drought,259.384033203125,2009,Maharashtra,2009-9323
20.08393085,78.15805948,drought,96.06098937988281,2009,Maharashtra,2009-9323
26.18961382,94.19261077,drought,158.90476989746094,2009,Nagaland,2009-9323
22.57773181,84.55962043,drought,272.7266540527344,2009,Jharkhand,2009-9323
9.480564065,77.89435616,flood,237.15562438964844,2015,Tamil Nadu,2015-0207
26.78257766,92.92733398,flood,311.4494934082031,2015,Assam,2015-0413
27.5903576,94.78022274,flood,295.153076171875,2015,Assam,2015-0413
27.1743511,94.13502058,flood,307.83306884765625,2015,Assam,2015-0413
26.58434301,90.19811008,flood,374.8116149902344,2015,Assam,2015-0413
26.04803491,90.60869689,flood,595.5044555664062,2015,Assam,2015-0317
26.44938205,92.0344264,flood,2532.54345703125,2015,Assam,2015-0317
26.06838073,93.14761961,flood,402.1616516113281,2015,Assam,2015-0317
23.62539958,69.96716133,flood,0.0,2015,Gujarat,2015-0317
27.5903576,94.78022274,flood,295.153076171875,2015,Assam,2015-0317
25.13575204,88.08761228,flood,693.3277587890625,2015,West Bengal,2015-0317
26.68622685,88.76391847,flood,537.7213134765625,2015,West Bengal,2015-0317
27.1743511,94.13502058,flood,307.83306884765625,2015,Assam,2015-0317
26.79524644,94.27414916,flood,653.9027099609375,2015,Assam,2015-0317
24.28101994,72.03944992,flood,450.2253112792969,2015,Gujarat,2015-0317
26.10159837,90.02789028,flood,1293.50390625,2015,Assam,2015-0317
26.28572399,92.28019515,flood,460.16510009765625,2015,Assam,2015-0317
23.76791761,71.80016255,flood,104.69034576416016,2015,Gujarat,2015-0317
27.01228832,94.81926657,flood,420.2320251464844,2015,Assam,2015-0406
24.81395989,92.85687296,flood,1440.563232421875,2015,Assam,2015-0406
26.79524644,94.27414916,flood,653.9027099609375,2015,Assam,2015-0406
27.1743511,94.13502058,flood,307.83306884765625,2015,Assam,2015-0406
26.04803491,90.60869689,flood,595.5044555664062,2015,Assam,2015-0406
26.44938205,92.0344264,flood,2532.54345703125,2015,Assam,2015-0406
27.3714173,95.05490893,flood,435.2449035644531,2015,Assam,2015-0406
26.28572399,92.28019515,flood,460.16510009765625,2015,Assam,2015-0406
27.58426781,95.62551853,flood,511.1370849609375,2015,Assam,2015-0406
26.10362335,91.42709144,flood,674.1968383789062,2015,Assam,2015-0406
26.34628122,90.6135107,flood,585.1564331054688,2015,Assam,2015-0406
27.5903576,94.78022274,flood,295.153076171875,2015,Assam,2015-0406
26.33773804,91.00368935,flood,3524.647705078125,2015,Assam,2015-0406
26.37544176,91.38392877,flood,972.1552124023438,2015,Assam,2015-0406
26.78257766,92.92733398,flood,311.4494934082031,2015,Assam,2015-0406
26.58434301,90.19811008,flood,374.8116149902344,2015,Assam,2015-0406
18.25050073,81.94802601,storm,284.5350341796875,2015,Odisha,2015-0450
19.58251006,82.3299581,storm,169.56625366210938,2015,Odisha,2015-0450
10.86369109,79.73608696,flood,783.8231201171875,2015,Tamil Nadu,2015-0504
11.52509297,79.4452285,flood,1470.0198974609375,2015,Tamil Nadu,2015-0504
11.9603251,79.28446742,flood,636.9973754882812,2015,Tamil Nadu,2015-0504
15.6113679,79.50950386,flood,129.7357177734375,2015,Andhra Pradesh,2015-0504
13.45659736,79.00393766,flood,191.88194274902344,2015,Andhra Pradesh,2015-0504
13.23533078,79.93251948,flood,443.9454040527344,2015,Tamil Nadu,2015-0504
12.68130607,79.93615675,flood,784.7030639648438,2015,Tamil Nadu,2015-0504
14.46974226,78.73371337,flood,251.84036254882812,2015,Andhra Pradesh,2015-0504
13.04808637,80.23495207,flood,30440.984375,2015,Tamil Nadu,2015-0504
14.43525601,79.719986,flood,82.7759017944336,2015,Andhra Pradesh,2015-0504
13.04849576,80.23437074,flood,30440.984375,1960,Tamil Nadu,1960-0032
20.41743299,73.12143584,flood,2265.201171875,1960,Gujarat,1960-0032
28.64798149,77.10852932,storm,37020.80078125,1962,NCT Of Delhi,1962-0007
30.8418287,75.40846841,storm,419.01220703125,1962,Punjab,1962-0007
30.8418287,75.40846841,storm,419.01220703125,1963,Punjab,1963-0019
9.26175882,79.30099019,storm,1462.3438720703125,1964,Tamil Nadu,1964-0068
13.04849576,80.23437074,storm,30440.984375,1966,Tamil Nadu,1966-0085
26.35712666,92.82850571,flood,1354.150634765625,1968,Assam,1968-0051
13.04849576,80.23437074,storm,30440.984375,1969,Tamil Nadu,1969-0106
13.04849576,80.23437074,storm,30440.984375,1970,Tamil Nadu,1970-0065
25.67955598,85.60447908,storm,2308.17626953125,1971,Bihar,1971-0112
13.04849576,80.23437074,storm,30440.984375,1972,Tamil Nadu,1972-0063
24.80209616,79.65747322,flood,243.45509338378906,1974,Madhya Pradesh,1974-0129
31.92726931,77.23302517,earthquake,66.0645980834961,1975,Himachal Pradesh,1975-0014
13.04849576,80.23437074,storm,30440.984375,1975,Tamil Nadu,1975-0058
16.55006848,80.79256277,storm,933.250732421875,1976,Andhra Pradesh,1976-0144
14.43556427,79.72017697,storm,82.7759017944336,1976,Andhra Pradesh,1976-0146
13.45798035,80.25398335,storm,304.09674072265625,1976,Tamil Nadu,1976-0074
13.45798035,80.25398335,storm,304.09674072265625,1977,Tamil Nadu,1977-0133
28.64798149,77.10852932,storm,37020.80078125,1978,NCT Of Delhi,1978-0044
13.45798035,80.25398335,storm,304.09674072265625,1978,Tamil Nadu,1978-0224
25.67955598,85.60447908,flood,2308.17626953125,1979,Bihar,1979-0225
32.80071486,74.73195938,earthquake,682.567138671875,1980,Jammu And Kashmir,1980-0084
27.29224045,88.67118288,earthquake,81.65999603271484,1980,Sikkim,1980-0255
13.45798035,80.25398335,storm,304.09674072265625,1980,Tamil Nadu,1980-0228
25.67955598,85.60447908,storm,2308.17626953125,1981,Bihar,1981-0207
17.79543436,79.05943662,storm,156.45001220703125,1981,Telangana,1981-0207
16.71861838,82.23416181,storm,1351.5457763671875,1983,Puducherry,1983-0087
26.35712666,92.82850571,flood,1354.150634765625,1984,Assam,1984-0318
25.67955598,85.60447908,flood,2308.17626953125,1984,Bihar,1984-0318
33.75977094,76.61304379,flood,1.365356683731079,1984,Jammu And Kashmir,1984-0322
13.45798035,80.25398335,storm,304.09674072265625,1984,Tamil Nadu,1984-0110
13.45798035,80.25398335,storm,304.09674072265625,1984,Tamil Nadu,1984-0228
17.79543436,79.05943662,storm,156.45001220703125,1984,Telangana,1984-0228
24.81273134,92.85904352,earthquake,1660.2734375,1984,Assam,1984-0124
26.35712666,92.82850571,flood,1354.150634765625,1985,Assam,1985-0343
18.98271372,72.83764134,flood,31880.037109375,1985,Maharashtra,1985-0343
15.35869276,74.05586262,flood,109.50589752197266,1985,Goa,1985-0343
13.45798035,80.25398335,flood,304.09674072265625,1985,Tamil Nadu,1985-0131
32.11106817,76.30433736,earthquake,707.1470336914062,1986,Himachal Pradesh,1986-0372
26.58324787,73.84787426,storm,102.09465026855469,1986,Rajasthan,1986-0062
33.75977094,76.61304379,storm,1.365356683731079,1986,Jammu And Kashmir,1986-0256
25.67955598,85.60447908,storm,2308.17626953125,1987,Bihar,1987-0360
13.45798035,80.25398335,storm,304.09674072265625,1987,Tamil Nadu,1987-0206
28.64798149,77.10852932,flood,37020.80078125,1988,NCT Of Delhi,1988-0438
29.19963008,76.33311876,flood,714.3512573242188,1988,Haryana,1988-0438
31.92726931,77.23302517,flood,66.0645980834961,1988,Himachal Pradesh,1988-0438
33.75977094,76.61304379,flood,1.365356683731079,1988,Jammu And Kashmir,1988-0438
30.8418287,75.40846841,flood,419.01220703125,1988,Punjab,1988-0438
24.73927565,93.88226661,storm,1693.4844970703125,1990,Manipur,1990-0630
25.5367155,91.28008112,storm,300.3982238769531,1990,Meghalaya,1990-0630
27.58449365,95.62433404,storm,511.1370849609375,1990,Assam,1990-0630
26.35712666,92.82850571,flood,1354.150634765625,1990,Assam,1990-0714
18.98271372,72.83764134,flood,31880.037109375,1990,Maharashtra,1990-0714
13.45798035,80.25398335,flood,304.09674072265625,1990,Tamil Nadu,1990-0414
28.03850114,94.67559092,flood,101.09524536132812,1991,Arunachal Pradesh,1991-0338
26.35712666,92.82850571,flood,1354.150634765625,1991,Assam,1991-0338
23.31032422,92.83818554,flood,38.33177185058594,1991,Mizoram,1991-0338
23.74764472,91.74347749,flood,61.18936538696289,1991,Tripura,1991-0338
18.98271372,72.83764134,flood,31880.037109375,1991,Maharashtra,1991-0278
26.35712666,92.82850571,flood,1354.150634765625,1991,Assam,1991-0189
25.5367155,91.28008112,flood,300.3982238769531,1991,Meghalaya,1991-0189
25.67955598,85.60447908,flood,2308.17626953125,1991,Bihar,1991-0532
29.19963008,76.33311876,flood,714.3512573242188,1991,Haryana,1991-0532
31.92726931,77.23302517,flood,66.0645980834961,1991,Himachal Pradesh,1991-0532
30.97799036,78.58958843,earthquake,17.973892211914062,1991,Uttarakhand,1991-0368
13.45798035,80.25398335,storm,304.09674072265625,1991,Tamil Nadu,1991-0374
26.35712666,92.82850571,storm,1354.150634765625,1992,Assam,1992-0097
32.80071486,74.73195938,flood,682.567138671875,1992,Jammu And Kashmir,1992-0083
8.606194774,77.00426455,flood,4665.93310546875,1992,Kerala,1992-0147
13.45798035,80.25398335,flood,304.09674072265625,1992,Tamil Nadu,1992-0483
24.16171931,88.22615944,storm,1202.8402099609375,1993,West Bengal,1993-0138
26.35712666,92.82850571,flood,1354.150634765625,1993,Assam,1993-0042
30.73556308,76.76785868,flood,13407.0390625,1993,Chandigarh,1993-0042
29.19963008,76.33311876,flood,714.3512573242188,1993,Haryana,1993-0042
31.92726931,77.23302517,flood,66.0645980834961,1993,Himachal Pradesh,1993-0042
33.75977094,76.61304379,flood,1.365356683731079,1993,Jammu And Kashmir,1993-0042
30.8418287,75.40846841,flood,419.01220703125,1993,Punjab,1993-0042
26.58324787,73.84787426,flood,102.09465026855469,1993,Rajasthan,1993-0042
32.67822502,76.33775186,earthquake,49.658626556396484,1993,Himachal Pradesh,1993-0074
18.37278299,76.75964617,earthquake,245.841552734375,1993,Maharashtra,1993-0581
13.45798035,80.25398335,storm,304.09674072265625,1993,Tamil Nadu,1993-0085
15.19359943,74.11996501,storm,308.58154296875,1994,Goa,1994-0762
28.64798149,77.10852932,flood,37020.80078125,1994,NCT Of Delhi,1994-0763
13.45798035,80.25398335,storm,304.09674072265625,1994,Tamil Nadu,1994-0352
25.67955598,85.60447908,flood,2308.17626953125,1995,Bihar,1995-0228
29.19963008,76.33311876,flood,714.3512573242188,1995,Haryana,1995-0228
31.92726931,77.23302517,flood,66.0645980834961,1995,Himachal Pradesh,1995-0228
33.75977094,76.61304379,flood,1.365356683731079,1995,Jammu And Kashmir,1995-0228
30.8418287,75.40846841,flood,419.01220703125,1995,Punjab,1995-0228
26.58324787,73.84787426,flood,102.09465026855469,1995,Rajasthan,1995-0228
27.57054347,88.47183367,flood,1.1942436695098877,1995,Sikkim,1995-0485
28.03850114,94.67559092,storm,101.09524536132812,1996,Arunachal Pradesh,1996-0106
26.35712666,92.82850571,storm,1354.150634765625,1996,Assam,1996-0106
25.67955598,85.60447908,storm,2308.17626953125,1996,Bihar,1996-0106
29.19963008,76.33311876,storm,714.3512573242188,1996,Haryana,1996-0106
33.75977094,76.61304379,storm,1.365356683731079,1996,Jammu And Kashmir,1996-0106
26.58324787,73.84787426,storm,102.09465026855469,1996,Rajasthan,1996-0106
13.45798035,80.25398335,storm,304.09674072265625,1996,Tamil Nadu,1996-0106
23.74764472,91.74347749,storm,61.18936538696289,1996,Tripura,1996-0106
28.03850114,94.67559092,flood,101.09524536132812,1996,Arunachal Pradesh,1996-0496
26.35712666,92.82850571,flood,1354.150634765625,1996,Assam,1996-0496
33.75977094,76.61304379,flood,1.365356683731079,1996,Jammu And Kashmir,1996-0181
26.35712666,92.82850571,flood,1354.150634765625,1996,Assam,1996-0501
25.67955598,85.60447908,flood,2308.17626953125,1996,Bihar,1996-0501
29.19963008,76.33311876,flood,714.3512573242188,1996,Haryana,1996-0501
26.58324787,73.84787426,flood,102.09465026855469,1996,Rajasthan,1996-0501
13.45798035,80.25398335,flood,304.09674072265625,1996,Tamil Nadu,1996-0245
23.17446788,79.94316101,earthquake,19893.185546875,1997,Madhya Pradesh,1997-0115
30.73556308,76.76785868,flood,13407.0390625,1997,Chandigarh,1997-0170
31.92726931,77.23302517,flood,66.0645980834961,1997,Himachal Pradesh,1997-0170
25.51025837,78.94690433,flood,172.71189880371094,1997,Uttar Pradesh,1997-0170
17.27230627,73.46032191,storm,120.92584228515625,1998,Maharashtra,1998-0183
17.38481134,78.46612255,flood,26600.5703125,1998,Telangana,1998-0450
18.98271372,72.83764134,storm,31880.037109375,1998,Maharashtra,1998-0313
22.24629292,73.24968977,storm,600.5062866210938,1999,Gujarat,1999-0177
28.03850114,94.67559092,flood,101.09524536132812,1999,Arunachal Pradesh,1999-0213
26.35712666,92.82850571,flood,1354.150634765625,1999,Assam,1999-0213
25.67955598,85.60447908,flood,2308.17626953125,1999,Bihar,1999-0213
30.8418287,75.40846841,flood,419.01220703125,1999,Punjab,1999-0213
23.74764472,91.74347749,flood,61.18936538696289,1999,Tripura,1999-0213
28.03850114,94.67559092,flood,101.09524536132812,2000,Arunachal Pradesh,2000-0332
26.35712666,92.82850571,flood,1354.150634765625,2000,Assam,2000-0332
28.03850114,94.67559092,flood,101.09524536132812,2000,Arunachal Pradesh,2000-0445
26.35712666,92.82850571,flood,1354.150634765625,2000,Assam,2000-0445
25.67955598,85.60447908,flood,2308.17626953125,2000,Bihar,2000-0445
31.92726931,77.23302517,flood,66.0645980834961,2000,Himachal Pradesh,2000-0445
30.8418287,75.40846841,flood,419.01220703125,2000,Punjab,2000-0445
24.32656031,86.73476158,flood,665.9297485351562,2000,Odisha,2000-0610
15.35869276,74.05586262,storm,109.50589752197266,2001,Goa,2001-0729
26.35712666,92.82850571,flood,1354.150634765625,2001,Assam,2001-0243
23.74764472,91.74347749,flood,61.18936538696289,2001,Tripura,2001-0243
21.26458489,82.03531186,flood,560.5504760742188,2001,Chhattisgarh,2001-0332
13.45798035,80.25398335,flood,304.09674072265625,2001,Tamil Nadu,2001-0332
19.62190014,84.65996467,storm,2830.944091796875,2002,Odisha,2002-0308
28.03850114,94.67559092,flood,101.09524536132812,2002,Arunachal Pradesh,2002-0374
26.35712666,92.82850571,flood,1354.150634765625,2002,Assam,2002-0374
25.67955598,85.60447908,flood,2308.17626953125,2002,Bihar,2002-0374
31.92726931,77.23302517,flood,66.0645980834961,2002,Himachal Pradesh,2002-0374
25.5367155,91.28008112,flood,300.3982238769531,2002,Meghalaya,2002-0374
23.74764472,91.74347749,flood,61.18936538696289,2002,Tripura,2002-0374
26.35712666,92.82850571,flood,1354.150634765625,2002,Assam,2002-0490
25.67955598,85.60447908,flood,2308.17626953125,2002,Bihar,2002-0490
24.73927565,93.88226661,flood,1693.4844970703125,2002,Manipur,2002-0490
30.46064407,78.23402875,flood,216.3987274169922,2002,Uttarakhand,2002-0490
21.88121765,80.35433447,flood,121.60385131835938,2002,Madhya Pradesh,2002-0539
21.78666651,72.92475605,flood,126.42813873291016,2002,Gujarat,2002-0568
20.08247851,85.50483769,flood,281.9070129394531,2002,Odisha,2002-0568
13.45798035,80.25398335,flood,304.09674072265625,2002,Tamil Nadu,2002-0729
21.8803787,77.86681998,storm,554.613525390625,2003,Madhya Pradesh,2003-0089
29.19963008,76.33311876,storm,714.3512573242188,2003,Haryana,2003-0099
33.75977094,76.61304379,storm,1.365356683731079,2003,Jammu And Kashmir,2003-0099
30.8418287,75.40846841,storm,419.01220703125,2003,Punjab,2003-0099
26.10069773,90.02798848,storm,1293.50390625,2003,Assam,2003-0182
22.55199571,88.35157415,storm,36173.03125,2003,West Bengal,2003-0182
26.35712666,92.82850571,flood,1354.150634765625,2003,Assam,2003-0283
25.67955598,85.60447908,flood,2308.17626953125,2003,Bihar,2003-0283
23.74764472,91.74347749,flood,61.18936538696289,2003,Tripura,2003-0283
12.94243567,77.58724634,flood,20549.931640625,2003,Karnataka,2003-0387
25.51183096,86.59621605,flood,1457.7869873046875,2003,Bihar,2003-0387
31.90629448,77.38491545,flood,49.335086822509766,2003,Himachal Pradesh,2003-0719
31.90629448,77.38491545,flood,49.335086822509766,2003,Himachal Pradesh,2003-0720
30.18481858,75.03006915,flood,266.9942626953125,2004,Punjab,2004-0178
29.19963008,76.33311876,flood,714.3512573242188,2004,Haryana,2004-0734
30.8418287,75.40846841,flood,419.01220703125,2004,Punjab,2004-0734
26.58324787,73.84787426,flood,102.09465026855469,2004,Rajasthan,2004-0734
30.15643883,79.1981016,flood,130.2322998046875,2004,Uttarakhand,2004-0734
31.92726931,77.23302517,flood,66.0645980834961,2004,Himachal Pradesh,2004-0489
28.03850114,94.67559092,flood,101.09524536132812,2004,Arunachal Pradesh,2004-0509
26.04753791,90.61295409,flood,595.5044555664062,2004,Assam,2004-0509
25.5367155,91.28008112,flood,300.3982238769531,2004,Meghalaya,2004-0509
23.42610967,87.76168736,storm,1223.8089599609375,2005,West Bengal,2005-0191
22.55199571,88.35157415,storm,36173.03125,2005,West Bengal,2005-0291
26.4768902,94.53191356,flood,25.194612503051758,2005,Nagaland,2005-0314
22.40363486,82.06906505,flood,211.88168334960938,2005,Chhattisgarh,2005-0361
18.98271372,72.83764134,flood,31880.037109375,2005,Maharashtra,2005-0361
28.64798149,77.10852932,flood,37020.80078125,2005,NCT Of Delhi,2005-0398
27.06939213,70.90023356,flood,12.430158615112305,2005,Rajasthan,2005-0398
29.19963008,76.33311876,flood,714.3512573242188,2005,Haryana,2005-0746
31.92726931,77.23302517,flood,66.0645980834961,2005,Himachal Pradesh,2005-0746
33.75977094,76.61304379,flood,1.365356683731079,2005,Jammu And Kashmir,2005-0746
30.8418287,75.40846841,flood,419.01220703125,2005,Punjab,2005-0746
23.95194467,87.6624877,flood,1341.68310546875,2005,West Bengal,2005-0375
27.37089093,96.34488201,flood,11.814136505126953,2005,Arunachal Pradesh,2005-0375
21.26458489,82.03531186,flood,560.5504760742188,2005,Chhattisgarh,2005-0375
20.07992527,77.86396875,flood,230.95184326171875,2005,Maharashtra,2005-0354
27.60077411,77.62178983,flood,1284.056640625,2005,Uttar Pradesh,2005-0354
15.35869276,74.05586262,flood,109.50589752197266,2005,Goa,2005-0409
31.92726931,77.23302517,flood,66.0645980834961,2005,Himachal Pradesh,2005-0409
33.75977094,76.61304379,flood,1.365356683731079,2005,Jammu And Kashmir,2005-0409
26.0551594,83.04095761,flood,2432.76513671875,2005,Uttar Pradesh,2005-0471
31.92726931,77.23302517,flood,66.0645980834961,2005,Himachal Pradesh,2005-0539
30.15643883,79.1981016,flood,130.2322998046875,2005,Uttarakhand,2005-0539
22.50042965,75.10452406,earthquake,236.19662475585938,2005,Madhya Pradesh,2005-0575
16.71861838,82.23416181,flood,1351.5457763671875,2005,Puducherry,2005-0627
13.45798035,80.25398335,flood,304.09674072265625,2005,Tamil Nadu,2005-0677
26.58324787,73.84787426,flood,102.09465026855469,2006,Rajasthan,2006-0731
17.38481134,78.46612255,flood,26600.5703125,2006,Telangana,2006-0207
26.35712666,92.82850571,flood,1354.150634765625,2006,Assam,2006-0262
23.74764472,91.74347749,flood,61.18936538696289,2006,Tripura,2006-0262
33.75977094,76.61304379,flood,1.365356683731079,2006,Jammu And Kashmir,2006-0389
21.26458489,82.03531186,flood,560.5504760742188,2006,Chhattisgarh,2006-0417
26.58324787,73.84787426,flood,102.09465026855469,2006,Rajasthan,2006-0417
21.26458489,82.03531186,flood,560.5504760742188,2006,Chhattisgarh,2006-0712
33.75977094,76.61304379,flood,1.365356683731079,2006,Jammu And Kashmir,2006-0548
25.67955598,85.60447908,storm,2308.17626953125,2006,Bihar,2006-0510
13.45798035,80.25398335,flood,304.09674072265625,2006,Tamil Nadu,2006-0601
33.75977094,76.61304379,flood,1.365356683731079,2007,Jammu And Kashmir,2007-0683
26.58324787,73.84787426,flood,102.09465026855469,2007,Rajasthan,2007-0683
16.49340442,78.14042905,flood,177.52777099609375,2007,Telangana,2007-0250
10.46468482,76.31350397,flood,777.77734375,2007,Kerala,2007-0250
26.58324787,73.84787426,flood,102.09465026855469,2007,Rajasthan,2007-0238
26.35712666,92.82850571,flood,1354.150634765625,2007,Assam,2007-0320
25.67955598,85.60447908,flood,2308.17626953125,2007,Bihar,2007-0320
28.03850114,94.67559092,flood,101.09524536132812,2007,Arunachal Pradesh,2007-0602
26.35712666,92.82850571,flood,1354.150634765625,2007,Assam,2007-0602
24.73927565,93.88226661,flood,1693.4844970703125,2007,Manipur,2007-0602
25.5367155,91.28008112,flood,300.3982238769531,2007,Meghalaya,2007-0602
24.85181222,86.83365055,flood,197.2294464111328,2007,Bihar,2007-0311
31.92726931,77.23302517,flood,66.0645980834961,2007,Himachal Pradesh,2007-0364
15.42694579,75.66553546,flood,591.9376220703125,2007,Karnataka,2007-0469
13.45798035,80.25398335,flood,304.09674072265625,2007,Tamil Nadu,2007-0524
13.45798035,80.25398335,flood,304.09674072265625,2008,Tamil Nadu,2008-0130
28.03850114,94.67559092,flood,101.09524536132812,2008,Arunachal Pradesh,2008-0246
25.67955598,85.60447908,flood,2308.17626953125,2008,Bihar,2008-0246
15.35869276,74.05586262,flood,109.50589752197266,2008,Goa,2008-0246
29.19963008,76.33311876,flood,714.3512573242188,2008,Haryana,2008-0246
23.65444084,85.55791494,flood,735.6536254882812,2008,Jharkhand,2008-0246
30.8418287,75.40846841,flood,419.01220703125,2008,Punjab,2008-0246
26.58324787,73.84787426,flood,102.09465026855469,2008,Rajasthan,2008-0246
13.45798035,80.25398335,flood,304.09674072265625,2008,Tamil Nadu,2008-0246
30.15643883,79.1981016,flood,130.2322998046875,2008,Uttarakhand,2008-0246
26.35712666,92.82850571,flood,1354.150634765625,2008,Assam,2008-0285
25.67955598,85.60447908,flood,2308.17626953125,2008,Bihar,2008-0285
15.35869276,74.05586262,flood,109.50589752197266,2008,Goa,2008-0285
29.19963008,76.33311876,flood,714.3512573242188,2008,Haryana,2008-0285
23.65444084,85.55791494,flood,735.6536254882812,2008,Jharkhand,2008-0285
30.8418287,75.40846841,flood,419.01220703125,2008,Punjab,2008-0285
26.58324787,73.84787426,flood,102.09465026855469,2008,Rajasthan,2008-0285
13.45798035,80.25398335,flood,304.09674072265625,2008,Tamil Nadu,2008-0285
30.15643883,79.1981016,flood,130.2322998046875,2008,Uttarakhand,2008-0285
25.67955598,85.60447908,flood,2308.17626953125,2008,Bihar,2008-0615
26.35712666,92.82850571,flood,1354.150634765625,2008,Assam,2008-0486
31.92726931,77.23302517,flood,66.0645980834961,2008,Himachal Pradesh,2008-0486
17.59082823,80.67917545,flood,2314.493408203125,2008,Telangana,2008-0415
31.60134548,78.39655248,flood,30.281028747558594,2008,Himachal Pradesh,2008-0415
31.92726931,77.23302517,flood,66.0645980834961,2008,Himachal Pradesh,2008-0423
20.54637395,86.60225642,storm,451.3252868652344,2009,Odisha,2009-0130
23.85216107,78.75416046,storm,3538.09130859375,2009,Madhya Pradesh,2009-0204
25.67955598,85.60447908,storm,2308.17626953125,2009,Bihar,2009-0240
23.65444084,85.55791494,storm,735.6536254882812,2009,Jharkhand,2009-0240
28.64798149,77.10852932,flood,37020.80078125,2009,NCT Of Delhi,2009-0303
24.0309839,74.68134067,flood,215.63327026367188,2009,Rajasthan,2009-0429
25.37090996,92.37992578,flood,119.43511962890625,2009,Meghalaya,2009-0443
11.31990052,76.75887216,flood,397.829833984375,2009,Tamil Nadu,2009-0483
26.35712666,92.82850571,storm,1354.150634765625,2010,Assam,2010-0171
25.67955598,85.60447908,storm,2308.17626953125,2010,Bihar,2010-0171
25.67955598,85.60447908,storm,2308.17626953125,2010,Bihar,2010-0177
13.45798035,80.25398335,storm,304.09674072265625,2010,Tamil Nadu,2010-0198
26.35712666,92.82850571,flood,1354.150634765625,2010,Assam,2010-0276
30.8418287,75.40846841,flood,419.01220703125,2010,Punjab,2010-0276
28.64798149,77.10852932,flood,37020.80078125,2010,NCT Of Delhi,2010-0321
33.75977094,76.61304379,flood,1.365356683731079,2010,Jammu And Kashmir,2010-0373
25.67955598,85.60447908,storm,2308.17626953125,2010,Bihar,2010-0428
23.65444084,85.55791494,storm,735.6536254882812,2010,Jharkhand,2010-0428
27.17536039,94.13589219,flood,414.982666015625,2010,Assam,2010-0416
29.19963008,76.33311876,flood,714.3512573242188,2010,Haryana,2010-0493
30.8418287,75.40846841,flood,419.01220703125,2010,Punjab,2010-0493
25.67955598,85.60447908,flood,2308.17626953125,2010,Bihar,2010-0492
30.15643883,79.1981016,flood,130.2322998046875,2011,Uttarakhand,2011-0647
26.58324787,73.84787426,flood,102.09465026855469,2011,Rajasthan,2011-0428
25.5367155,91.28008112,flood,300.3982238769531,2011,Meghalaya,2011-0422
26.35712666,92.82850571,earthquake,1354.150634765625,2011,Assam,2011-0351
25.67955598,85.60447908,earthquake,2308.17626953125,2011,Bihar,2011-0351
25.5367155,91.28008112,earthquake,300.3982238769531,2011,Meghalaya,2011-0351
27.57054347,88.47183367,earthquake,1.1942436695098877,2011,Sikkim,2011-0351
11.52490531,79.44715025,storm,1470.0198974609375,2011,Tamil Nadu,2011-0566
28.03850114,94.67559092,flood,101.09524536132812,2012,Arunachal Pradesh,2012-0179
30.15643883,79.1981016,flood,130.2322998046875,2012,Uttarakhand,2012-0334
26.58324787,73.84787426,flood,102.09465026855469,2012,Rajasthan,2012-0322
28.03850114,94.67559092,flood,101.09524536132812,2012,Arunachal Pradesh,2012-0382
26.35712666,92.82850571,flood,1354.150634765625,2012,Assam,2012-0382
27.57054347,88.47183367,flood,1.1942436695098877,2012,Sikkim,2012-0382
13.45798035,80.25398335,storm,304.09674072265625,2012,Tamil Nadu,2012-0425
25.67955598,85.60447908,flood,2308.17626953125,2013,Bihar,2013-0192
31.92726931,77.23302517,flood,66.0645980834961,2013,Himachal Pradesh,2013-0192
30.15643883,79.1981016,flood,130.2322998046875,2013,Uttarakhand,2013-0192
26.35712666,92.82850571,flood,1354.150634765625,2013,Assam,2013-0345
25.67955598,85.60447908,storm,2308.17626953125,2013,Bihar,2013-0482
23.65444084,85.55791494,storm,735.6536254882812,2013,Jharkhand,2013-0482
25.67955598,85.60447908,storm,2308.17626953125,2013,Bihar,2013-0401
21.26458489,82.03531186,storm,560.5504760742188,2013,Chhattisgarh,2013-0401
23.65444084,85.55791494,storm,735.6536254882812,2013,Jharkhand,2013-0401
17.38481134,78.46612255,storm,26600.5703125,2014,Telangana,2014-0551
33.75977094,76.61304379,storm,1.365356683731079,2014,Jammu And Kashmir,2014-0106
28.64798149,77.10852932,storm,37020.80078125,2014,NCT Of Delhi,2014-0182
28.77879365,77.47597416,storm,1257.297607421875,2014,Uttar Pradesh,2014-0182
26.35712666,92.82850571,flood,1354.150634765625,2014,Assam,2014-0218
31.92726931,77.23302517,flood,66.0645980834961,2014,Himachal Pradesh,2014-0268
30.15643883,79.1981016,flood,130.2322998046875,2014,Uttarakhand,2014-0268
26.35712666,92.82850571,flood,1354.150634765625,2014,Assam,2014-0408
25.67955598,85.60447908,flood,2308.17626953125,2014,Bihar,2014-0408
30.15643883,79.1981016,flood,130.2322998046875,2014,Uttarakhand,2014-0408
21.26458489,82.03531186,storm,560.5504760742188,2014,Chhattisgarh,2014-0392
17.88493739,82.68205636,storm,119.07237243652344,2014,Andhra Pradesh,2014-0392
33.75977094,76.61304379,storm,1.365356683731079,2015,Jammu And Kashmir,2015-0126
26.58324787,73.84787426,storm,102.09465026855469,2015,Rajasthan,2015-0126
30.15643883,79.1981016,storm,130.2322998046875,2015,Uttarakhand,2015-0126
33.75977094,76.61304379,flood,1.365356683731079,2015,Jammu And Kashmir,2015-0107
23.74764472,91.74347749,storm,61.18936538696289,2015,Tripura,2015-0118
25.67955598,85.60447908,earthquake,2308.17626953125,2015,Bihar,2015-0144
27.57054347,88.47183367,earthquake,1.1942436695098877,2015,Sikkim,2015-0144
25.67955598,85.60447908,earthquake,2308.17626953125,2015,Bihar,2015-0175
27.03379993,88.63001852,flood,273.7994384765625,2015,West Bengal,2015-0253
26.92542523,80.56098215,flood,442.3703308105469,1961,Uttar Pradesh,1961-0012
23.54151345,78.28963287,storm,349.76629638671875,1962,Madhya Pradesh,1962-0007
20.50542802,84.41805896,storm,24.980548858642578,1963,Odisha,1963-0019
26.92542523,80.56098215,storm,442.3703308105469,1963,Uttar Pradesh,1963-0019
20.50542802,84.41805896,storm,24.980548858642578,1967,Odisha,1967-0063
19.44975928,76.10822143,earthquake,228.22364807128906,1967,Maharashtra,1967-0077
15.71260766,79.92713851,storm,148.23521423339844,1969,Andhra Pradesh,1969-0109
22.6903222,71.5884337,flood,202.11630249023438,1970,Gujarat,1970-0105
20.50542802,84.41805896,flood,24.980548858642578,1970,Odisha,1970-0105
26.92542523,80.56098215,flood,442.3703308105469,1971,Uttar Pradesh,1971-0052
23.81595215,87.98089998,storm,1268.927490234375,1971,West Bengal,1971-0112
20.50542802,84.41805896,storm,24.980548858642578,1971,Odisha,1971-0058
15.71260766,79.92713851,storm,148.23521423339844,1972,Andhra Pradesh,1972-0051
20.50542802,84.41805896,storm,24.980548858642578,1972,Odisha,1972-0051
22.6903222,71.5884337,storm,202.11630249023438,1974,Gujarat,1974-0045
23.54151345,78.28963287,storm,349.76629638671875,1974,Madhya Pradesh,1974-0045
23.81595215,87.98089998,storm,1268.927490234375,1974,West Bengal,1974-0045
19.44975928,76.10822143,storm,228.22364807128906,1975,Maharashtra,1975-0121
22.6903222,71.5884337,storm,202.11630249023438,1975,Gujarat,1975-0056
22.6903222,71.5884337,storm,202.11630249023438,1976,Gujarat,1976-0143
19.44975928,76.10822143,storm,228.22364807128906,1976,Maharashtra,1976-0143
15.71260766,79.92713851,storm,148.23521423339844,1976,Andhra Pradesh,1976-0074
15.71260766,79.92713851,storm,148.23521423339844,1977,Andhra Pradesh,1977-0133
10.45089774,76.4057486,storm,167.71853637695312,1977,Kerala,1977-0133
20.50542802,84.41805896,storm,24.980548858642578,1978,Odisha,1978-0055
10.45089774,76.4057486,storm,167.71853637695312,1978,Kerala,1978-0224
15.71260766,79.92713851,storm,148.23521423339844,1979,Andhra Pradesh,1979-0051
26.92542523,80.56098215,flood,442.3703308105469,1979,Uttar Pradesh,1979-0225
23.81595215,87.98089998,flood,1268.927490234375,1979,West Bengal,1979-0225
26.92542523,80.56098215,storm,442.3703308105469,1980,Uttar Pradesh,1980-0044
20.50542802,84.41805896,storm,24.980548858642578,1981,Odisha,1981-0046
15.71260766,79.92713851,storm,148.23521423339844,1981,Andhra Pradesh,1981-0207
23.54151345,78.28963287,storm,349.76629638671875,1981,Madhya Pradesh,1981-0207
20.50542802,84.41805896,storm,24.980548858642578,1981,Odisha,1981-0207
23.81595215,87.98089998,storm,1268.927490234375,1981,West Bengal,1981-0207
22.6903222,71.5884337,storm,202.11630249023438,1981,Gujarat,1981-0094
20.50542802,84.41805896,storm,24.980548858642578,1981,Odisha,1981-0107
23.81595215,87.98089998,storm,1268.927490234375,1981,West Bengal,1981-0107
20.50542802,84.41805896,storm,24.980548858642578,1982,Odisha,1982-0313
22.6903222,71.5884337,storm,202.11630249023438,1982,Gujarat,1982-0120
19.44975928,76.10822143,storm,228.22364807128906,1982,Maharashtra,1982-0120
23.81595215,87.98089998,storm,1268.927490234375,1983,West Bengal,1983-0068
22.6903222,71.5884337,storm,202.11630249023438,1983,Gujarat,1983-0087
15.71260766,79.92713851,storm,148.23521423339844,1983,Andhra Pradesh,1983-0129
20.50542802,84.41805896,storm,24.980548858642578,1983,Odisha,1983-0129
26.92542523,80.56098215,flood,442.3703308105469,1984,Uttar Pradesh,1984-0318
23.81595215,87.98089998,flood,1268.927490234375,1984,West Bengal,1984-0318
26.92542523,80.56098215,storm,442.3703308105469,1984,Uttar Pradesh,1984-0227
10.45089774,76.4057486,storm,167.71853637695312,1984,Kerala,1984-0228
14.7051803,76.16643556,flood,102.06537628173828,1985,Karnataka,1985-0343
10.45089774,76.4057486,flood,167.71853637695312,1985,Kerala,1985-0343
15.71260766,79.92713851,storm,148.23521423339844,1985,Andhra Pradesh,1985-0121
26.92542523,80.56098215,storm,442.3703308105469,1986,Uttar Pradesh,1986-0084
15.71260766,79.92713851,flood,148.23521423339844,1987,Andhra Pradesh,1987-0394
26.92542523,80.56098215,flood,442.3703308105469,1987,Uttar Pradesh,1987-0410
15.71260766,79.92713851,storm,148.23521423339844,1987,Andhra Pradesh,1987-0206
23.81595215,87.98089998,storm,1268.927490234375,1988,West Bengal,1988-0519
20.50542802,84.41805896,storm,24.980548858642578,1989,Odisha,1989-0158
23.81595215,87.98089998,storm,1268.927490234375,1989,West Bengal,1989-0158
15.71260766,79.92713851,flood,148.23521423339844,1989,Andhra Pradesh,1989-0091
22.6903222,71.5884337,flood,202.11630249023438,1989,Gujarat,1989-0091
19.44975928,76.10822143,flood,228.22364807128906,1989,Maharashtra,1989-0091
22.6903222,71.5884337,storm,202.11630249023438,1990,Gujarat,1990-0397
10.45089774,76.4057486,flood,167.71853637695312,1991,Kerala,1991-0509
22.6903222,71.5884337,flood,202.11630249023438,1991,Gujarat,1991-0278
10.45089774,76.4057486,flood,167.71853637695312,1991,Kerala,1991-0278
15.71260766,79.92713851,flood,148.23521423339844,1991,Andhra Pradesh,1991-0527
22.6903222,71.5884337,flood,202.11630249023438,1991,Gujarat,1991-0527
23.54151345,78.28963287,flood,349.76629638671875,1991,Madhya Pradesh,1991-0527
19.44975928,76.10822143,flood,228.22364807128906,1991,Maharashtra,1991-0527
20.50542802,84.41805896,flood,24.980548858642578,1991,Odisha,1991-0527
26.92542523,80.56098215,flood,442.3703308105469,1991,Uttar Pradesh,1991-0532
23.81595215,87.98089998,flood,1268.927490234375,1991,West Bengal,1991-0766
26.92542523,80.56098215,earthquake,442.3703308105469,1991,Uttar Pradesh,1991-0368
14.7051803,76.16643556,flood,102.06537628173828,1991,Karnataka,1991-0431
15.71260766,79.92713851,storm,148.23521423339844,1991,Andhra Pradesh,1991-0374
22.6903222,71.5884337,storm,202.11630249023438,1992,Gujarat,1992-0211
10.45089774,76.4057486,storm,167.71853637695312,1992,Kerala,1992-0211
20.50542802,84.41805896,storm,24.980548858642578,1992,Odisha,1992-0211
20.50542802,84.41805896,flood,24.980548858642578,1992,Odisha,1992-0333
23.54151345,78.28963287,flood,349.76629638671875,1992,Madhya Pradesh,1992-0083
26.92542523,80.56098215,flood,442.3703308105469,1992,Uttar Pradesh,1992-0083
15.71260766,79.92713851,flood,148.23521423339844,1992,Andhra Pradesh,1992-0483
14.7051803,76.16643556,flood,102.06537628173828,1992,Karnataka,1992-0483
10.45089774,76.4057486,flood,167.71853637695312,1992,Kerala,1992-0483
22.6903222,71.5884337,flood,202.11630249023438,1993,Gujarat,1993-0042
23.54151345,78.28963287,flood,349.76629638671875,1993,Madhya Pradesh,1993-0042
26.92542523,80.56098215,flood,442.3703308105469,1993,Uttar Pradesh,1993-0325
14.7051803,76.16643556,flood,102.06537628173828,1993,Karnataka,1993-0218
15.71260766,79.92713851,storm,148.23521423339844,1994,Andhra Pradesh,1994-0352
14.7051803,76.16643556,storm,102.06537628173828,1994,Karnataka,1994-0352
19.44975928,76.10822143,flood,228.22364807128906,1995,Maharashtra,1995-0228
26.92542523,80.56098215,flood,442.3703308105469,1995,Uttar Pradesh,1995-0228
23.81595215,87.98089998,flood,1268.927490234375,1995,West Bengal,1995-0228
15.71260766,79.92713851,storm,148.23521423339844,1995,Andhra Pradesh,1995-0462
15.71260766,79.92713851,flood,148.23521423339844,1995,Andhra Pradesh,1995-0491
15.71260766,79.92713851,storm,148.23521423339844,1995,Andhra Pradesh,1995-0275
20.50542802,84.41805896,storm,24.980548858642578,1995,Odisha,1995-0275
15.71260766,79.92713851,storm,148.23521423339844,1996,Andhra Pradesh,1996-0106
22.6903222,71.5884337,storm,202.11630249023438,1996,Gujarat,1996-0106
14.7051803,76.16643556,storm,102.06537628173828,1996,Karnataka,1996-0106
10.45089774,76.4057486,storm,167.71853637695312,1996,Kerala,1996-0106
19.44975928,76.10822143,storm,228.22364807128906,1996,Maharashtra,1996-0106
26.92542523,80.56098215,storm,442.3703308105469,1996,Uttar Pradesh,1996-0106
23.81595215,87.98089998,storm,1268.927490234375,1996,West Bengal,1996-0106
23.81595215,87.98089998,flood,1268.927490234375,1996,West Bengal,1996-0496
26.92542523,80.56098215,flood,442.3703308105469,1996,Uttar Pradesh,1996-0183
22.6903222,71.5884337,flood,202.11630249023438,1996,Gujarat,1996-0501
10.45089774,76.4057486,flood,167.71853637695312,1996,Kerala,1996-0501
26.92542523,80.56098215,flood,442.3703308105469,1996,Uttar Pradesh,1996-0501
15.71260766,79.92713851,flood,148.23521423339844,1996,Andhra Pradesh,1996-0245
14.7051803,76.16643556,flood,102.06537628173828,1996,Karnataka,1996-0245
10.45089774,76.4057486,flood,167.71853637695312,1996,Kerala,1996-0245
15.71260766,79.92713851,storm,148.23521423339844,1996,Andhra Pradesh,1996-0298
23.81595215,87.98089998,flood,1268.927490234375,1997,West Bengal,1997-0182
22.6903222,71.5884337,flood,202.11630249023438,1998,Gujarat,1998-0449
19.44975928,76.10822143,flood,228.22364807128906,1998,Maharashtra,1998-0449
15.71260766,79.92713851,flood,148.23521423339844,1998,Andhra Pradesh,1998-0450
26.92542523,80.56098215,storm,442.3703308105469,1998,Uttar Pradesh,1998-0379
22.6903222,71.5884337,flood,202.11630249023438,1999,Gujarat,1999-0213
14.7051803,76.16643556,flood,102.06537628173828,1999,Karnataka,1999-0213
10.45089774,76.4057486,flood,167.71853637695312,1999,Kerala,1999-0213
23.81595215,87.98089998,flood,1268.927490234375,1999,West Bengal,1999-0213
15.71260766,79.92713851,storm,148.23521423339844,1999,Andhra Pradesh,1999-0425
23.81595215,87.98089998,storm,1268.927490234375,1999,West Bengal,1999-0425
15.71260766,79.92713851,flood,148.23521423339844,2000,Andhra Pradesh,2000-0445
22.6903222,71.5884337,flood,202.11630249023438,2000,Gujarat,2000-0445
10.45089774,76.4057486,flood,167.71853637695312,2000,Kerala,2000-0445
23.54151345,78.28963287,flood,349.76629638671875,2000,Madhya Pradesh,2000-0445
26.92542523,80.56098215,flood,442.3703308105469,2000,Uttar Pradesh,2000-0445
23.81595215,87.98089998,flood,1268.927490234375,2000,West Bengal,2000-0445
15.71260766,79.92713851,storm,148.23521423339844,2000,Andhra Pradesh,2000-0323
15.71260766,79.92713851,storm,148.23521423339844,2000,Andhra Pradesh,2000-0785
26.92542523,80.56098215,storm,442.3703308105469,2001,Uttar Pradesh,2001-0337
10.45089774,76.4057486,storm,167.71853637695312,2001,Kerala,2001-0729
19.44975928,76.10822143,storm,228.22364807128906,2001,Maharashtra,2001-0729
23.54151345,78.28963287,flood,349.76629638671875,2001,Madhya Pradesh,2001-0332
23.81595215,87.98089998,storm,1268.927490234375,2002,West Bengal,2002-0204
20.50542802,84.41805896,storm,24.980548858642578,2002,Odisha,2002-0216
22.6903222,71.5884337,flood,202.11630249023438,2002,Gujarat,2002-0374
10.45089774,76.4057486,flood,167.71853637695312,2002,Kerala,2002-0374
23.54151345,78.28963287,flood,349.76629638671875,2002,Madhya Pradesh,2002-0374
19.44975928,76.10822143,flood,228.22364807128906,2002,Maharashtra,2002-0374
22.6903222,71.5884337,storm,202.11630249023438,2003,Gujarat,2003-0100
23.81595215,87.98089998,flood,1268.927490234375,2003,West Bengal,2003-0283
26.92542523,80.56098215,flood,442.3703308105469,2003,Uttar Pradesh,2003-0775
22.6903222,71.5884337,flood,202.11630249023438,2004,Gujarat,2004-0298
22.6903222,71.5884337,flood,202.11630249023438,2004,Gujarat,2004-0734
19.44975928,76.10822143,flood,228.22364807128906,2004,Maharashtra,2004-0734
26.92542523,80.56098215,flood,442.3703308105469,2004,Uttar Pradesh,2004-0489
23.81595215,87.98089998,flood,1268.927490234375,2004,West Bengal,2004-0509
26.92542523,80.56098215,flood,442.3703308105469,2005,Uttar Pradesh,2005-0398
15.71260766,79.92713851,flood,148.23521423339844,2005,Andhra Pradesh,2005-0399
15.71260766,79.92713851,flood,148.23521423339844,2005,Andhra Pradesh,2005-0504
14.7051803,76.16643556,flood,102.06537628173828,2005,Karnataka,2005-0504
22.6903222,71.5884337,flood,202.11630249023438,2005,Gujarat,2005-0409
14.7051803,76.16643556,flood,102.06537628173828,2005,Karnataka,2005-0409
23.54151345,78.28963287,flood,349.76629638671875,2005,Madhya Pradesh,2005-0409
19.44975928,76.10822143,flood,228.22364807128906,2005,Maharashtra,2005-0409
20.50542802,84.41805896,flood,24.980548858642578,2005,Odisha,2005-0409
26.92542523,80.56098215,flood,442.3703308105469,2005,Uttar Pradesh,2005-0539
15.71260766,79.92713851,storm,148.23521423339844,2005,Andhra Pradesh,2005-0537
20.50542802,84.41805896,storm,24.980548858642578,2005,Odisha,2005-0537
20.50542802,84.41805896,flood,24.980548858642578,2005,Odisha,2005-0627
23.81595215,87.98089998,flood,1268.927490234375,2005,West Bengal,2005-0627
23.54151345,78.28963287,flood,349.76629638671875,2006,Madhya Pradesh,2006-0731
19.44975928,76.10822143,flood,228.22364807128906,2006,Maharashtra,2006-0731
22.6903222,71.5884337,storm,202.11630249023438,2006,Gujarat,2006-0740
26.92542523,80.56098215,storm,442.3703308105469,2006,Uttar Pradesh,2006-0740
10.45089774,76.4057486,flood,167.71853637695312,2006,Kerala,2006-0263
15.71260766,79.92713851,flood,148.23521423339844,2006,Andhra Pradesh,2006-0417
22.6903222,71.5884337,flood,202.11630249023438,2006,Gujarat,2006-0417
14.7051803,76.16643556,flood,102.06537628173828,2006,Karnataka,2006-0417
23.54151345,78.28963287,flood,349.76629638671875,2006,Madhya Pradesh,2006-0417
19.44975928,76.10822143,flood,228.22364807128906,2006,Maharashtra,2006-0417
20.50542802,84.41805896,flood,24.980548858642578,2006,Odisha,2006-0417
15.71260766,79.92713851,flood,148.23521423339844,2006,Andhra Pradesh,2006-0712
20.50542802,84.41805896,flood,24.980548858642578,2006,Odisha,2006-0712
15.71260766,79.92713851,storm,148.23521423339844,2006,Andhra Pradesh,2006-0510
23.81595215,87.98089998,storm,1268.927490234375,2006,West Bengal,2006-0510
23.54151345,78.28963287,flood,349.76629638671875,2006,Madhya Pradesh,2006-0734
15.71260766,79.92713851,flood,148.23521423339844,2006,Andhra Pradesh,2006-0601
23.54151345,78.28963287,flood,349.76629638671875,2007,Madhya Pradesh,2007-0683
26.92542523,80.56098215,flood,442.3703308105469,2007,Uttar Pradesh,2007-0683
22.6903222,71.5884337,flood,202.11630249023438,2007,Gujarat,2007-0238
23.54151345,78.28963287,flood,349.76629638671875,2007,Madhya Pradesh,2007-0238
20.50542802,84.41805896,flood,24.980548858642578,2007,Odisha,2007-0320
26.92542523,80.56098215,flood,442.3703308105469,2007,Uttar Pradesh,2007-0320
23.81595215,87.98089998,flood,1268.927490234375,2007,West Bengal,2007-0320
10.45089774,76.4057486,flood,167.71853637695312,2007,Kerala,2007-0603
22.6903222,71.5884337,flood,202.11630249023438,2007,Gujarat,2007-0415
15.71260766,79.92713851,flood,148.23521423339844,2007,Andhra Pradesh,2007-0524
20.50542802,84.41805896,storm,24.980548858642578,2007,Odisha,2007-0556
23.81595215,87.98089998,storm,1268.927490234375,2007,West Bengal,2007-0556
14.7051803,76.16643556,flood,102.06537628173828,2008,Karnataka,2008-0130
26.92542523,80.56098215,storm,442.3703308105469,2008,Uttar Pradesh,2008-0646
22.6903222,71.5884337,flood,202.11630249023438,2008,Gujarat,2008-0246
14.7051803,76.16643556,flood,102.06537628173828,2008,Karnataka,2008-0246
10.45089774,76.4057486,flood,167.71853637695312,2008,Kerala,2008-0246
23.54151345,78.28963287,flood,349.76629638671875,2008,Madhya Pradesh,2008-0246
19.44975928,76.10822143,flood,228.22364807128906,2008,Maharashtra,2008-0246
20.50542802,84.41805896,flood,24.980548858642578,2008,Odisha,2008-0246
26.92542523,80.56098215,flood,442.3703308105469,2008,Uttar Pradesh,2008-0246
23.81595215,87.98089998,flood,1268.927490234375,2008,West Bengal,2008-0246
22.6903222,71.5884337,flood,202.11630249023438,2008,Gujarat,2008-0285
14.7051803,76.16643556,flood,102.06537628173828,2008,Karnataka,2008-0285
10.45089774,76.4057486,flood,167.71853637695312,2008,Kerala,2008-0285
23.54151345,78.28963287,flood,349.76629638671875,2008,Madhya Pradesh,2008-0285
19.44975928,76.10822143,flood,228.22364807128906,2008,Maharashtra,2008-0285
20.50542802,84.41805896,flood,24.980548858642578,2008,Odisha,2008-0285
26.92542523,80.56098215,flood,442.3703308105469,2008,Uttar Pradesh,2008-0285
23.81595215,87.98089998,flood,1268.927490234375,2008,West Bengal,2008-0285
26.92542523,80.56098215,flood,442.3703308105469,2008,Uttar Pradesh,2008-0615
20.50542802,84.41805896,flood,24.980548858642578,2008,Odisha,2008-0423
26.92542523,80.56098215,flood,442.3703308105469,2008,Uttar Pradesh,2008-0423
26.92542523,80.56098215,storm,442.3703308105469,2009,Uttar Pradesh,2009-0640
26.92542523,80.56098215,storm,442.3703308105469,2009,Uttar Pradesh,2009-0641
19.44975928,76.10822143,flood,228.22364807128906,2009,Maharashtra,2009-0429
23.81595215,87.98089998,storm,1268.927490234375,2010,West Bengal,2010-0171
26.92542523,80.56098215,storm,442.3703308105469,2010,Uttar Pradesh,2010-0177
15.71260766,79.92713851,flood,148.23521423339844,2010,Andhra Pradesh,2010-0283
10.45089774,76.4057486,flood,167.71853637695312,2010,Kerala,2010-0276
26.92542523,80.56098215,flood,442.3703308105469,2010,Uttar Pradesh,2010-0493
26.92542523,80.56098215,flood,442.3703308105469,2010,Uttar Pradesh,2010-0492
15.71260766,79.92713851,storm,148.23521423339844,2010,Andhra Pradesh,2010-0693
14.7051803,76.16643556,storm,102.06537628173828,2011,Karnataka,2011-0593
26.92542523,80.56098215,storm,442.3703308105469,2011,Uttar Pradesh,2011-0176
26.92542523,80.56098215,flood,442.3703308105469,2011,Uttar Pradesh,2011-0647
23.81595215,87.98089998,flood,1268.927490234375,2011,West Bengal,2011-0327
20.50542802,84.41805896,flood,24.980548858642578,2011,Odisha,2011-0473
23.81595215,87.98089998,earthquake,1268.927490234375,2011,West Bengal,2011-0351
11.88265788,78.86498023,storm,393.4602355957031,2011,Puducherry,2011-0566
26.92542523,80.56098215,flood,442.3703308105469,2012,Uttar Pradesh,2012-0334
15.71260766,79.92713851,storm,148.23521423339844,2012,Andhra Pradesh,2012-0425
26.92542523,80.56098215,storm,442.3703308105469,2013,Uttar Pradesh,2013-0090
15.71260766,79.92713851,storm,148.23521423339844,2013,Andhra Pradesh,2013-0138
22.6903222,71.5884337,flood,202.11630249023438,2013,Gujarat,2013-0192
14.7051803,76.16643556,flood,102.06537628173828,2013,Karnataka,2013-0192
10.45089774,76.4057486,flood,167.71853637695312,2013,Kerala,2013-0192
26.92542523,80.56098215,flood,442.3703308105469,2013,Uttar Pradesh,2013-0192
23.81595215,87.98089998,flood,1268.927490234375,2013,West Bengal,2013-0192
26.92542523,80.56098215,flood,442.3703308105469,2013,Uttar Pradesh,2013-0345
15.71260766,79.92713851,storm,148.23521423339844,2013,Andhra Pradesh,2013-0401
20.50542802,84.41805896,storm,24.980548858642578,2013,Odisha,2013-0401
23.81595215,87.98089998,storm,1268.927490234375,2013,West Bengal,2013-0401
15.71260766,79.92713851,flood,148.23521423339844,2013,Andhra Pradesh,2013-0400
20.50542802,84.41805896,flood,24.980548858642578,2013,Odisha,2013-0400
23.81595215,87.98089998,flood,1268.927490234375,2013,West Bengal,2013-0400
15.71260766,79.92713851,storm,148.23521423339844,2014,Andhra Pradesh,2014-0551
23.81595215,87.98089998,storm,1268.927490234375,2014,West Bengal,2014-0182
20.50542802,84.41805896,flood,24.980548858642578,2014,Odisha,2014-0313
20.50542802,84.41805896,flood,24.980548858642578,2014,Odisha,2014-0409
20.50542802,84.41805896,storm,24.980548858642578,2014,Odisha,2014-0392
26.92542523,80.56098215,earthquake,442.3703308105469,2015,Uttar Pradesh,2015-0144
23.81595215,87.98089998,earthquake,1268.927490234375,2015,West Bengal,2015-0144
19.44975928,76.10822143,flood,228.22364807128906,2015,Maharashtra,2015-0249
22.4104231,87.26240707,storm,332.52783203125,1974,West Bengal,1974-0122
21.4888982,86.90431345,storm,438.2987060546875,1976,Odisha,1976-0063
22.4104231,87.26240707,storm,332.52783203125,1976,West Bengal,1976-0063
22.4104231,87.26240707,storm,332.52783203125,1984,West Bengal,1984-0227
26.98375164,75.71827969,earthquake,1525.3360595703125,1988,Rajasthan,1988-0382
21.4888982,86.90431345,storm,438.2987060546875,1998,Odisha,1998-0106
22.4104231,87.26240707,storm,332.52783203125,1998,West Bengal,1998-0106
22.4104231,87.26240707,storm,332.52783203125,1998,West Bengal,1998-0379
23.62539958,69.96716133,storm,0.0,2001,Gujarat,2001-0729
23.62539958,69.96716133,flood,0.0,2003,Gujarat,2003-0387
23.8764389,91.39718144,flood,326.4866943359375,2004,Tripura,2004-0298
27.34711035,88.17392386,flood,51.69282150268555,2005,Sikkim,2005-0361
21.4888982,86.90431345,flood,438.2987060546875,2005,Odisha,2005-0599
24.41103686,73.71456745,flood,197.1456298828125,2007,Rajasthan,2007-0311
23.8764389,91.39718144,flood,326.4866943359375,2007,Tripura,2007-0311
26.98375164,75.71827969,storm,1525.3360595703125,2014,Rajasthan,2014-0106
15.6113679,79.50950386,storm,129.7357177734375,1977,Andhra Pradesh,1977-0201
11.90931615,79.74830006,storm,2263.845703125,1991,Puducherry,1991-0374
12.85293818,92.872859,earthquake,65.4376220703125,2002,Andaman And Nicobar,2002-0584
30.84146482,75.40878951,flood,419.01220703125,1964,Punjab,1964-0038
25.67965826,85.6048398,flood,2308.17626953125,1964,Bihar,1964-0038
26.35676035,92.82876881,flood,1354.150634765625,1964,Assam,1964-0038
15.71260766,79.92713851,flood,148.23521423339844,1964,Andhra Pradesh,1964-0055
24.73897499,93.88254078,flood,1693.4844970703125,1966,Manipur,1966-0046
26.35676035,92.82876881,flood,1354.150634765625,1966,Assam,1966-0046
22.6903222,71.5884337,flood,202.11630249023438,1968,Gujarat,1968-0055
26.58342294,73.84797344,flood,102.09465026855469,1968,Rajasthan,1968-0055
23.81595215,87.98089998,flood,1268.927490234375,1968,West Bengal,1968-0055
26.35676035,92.82876881,flood,1354.150634765625,1968,Assam,1968-0055
28.12759651,80.65653925,flood,604.7801513671875,1971,Uttar Pradesh,1971-0037
25.67965826,85.6048398,flood,2308.17626953125,1975,Bihar,1975-0037
30.15644742,79.19760744,flood,130.2322998046875,1977,Uttarakhand,1977-0094
11.00747266,78.40167065,flood,367.2948303222656,1977,Tamil Nadu,1977-0121
23.81595215,87.98089998,storm,1268.927490234375,1978,West Bengal,1978-0056
23.81595215,87.98089998,flood,1268.927490234375,1978,West Bengal,1978-0111
34.1805841,74.33737533,earthquake,749.4947509765625,1979,Jammu And Kashmir,1979-0224
26.35676035,92.82876881,flood,1354.150634765625,1979,Assam,1979-0093
11.00747266,78.40167065,flood,367.2948303222656,1979,Tamil Nadu,1979-0100
26.35676035,92.82876881,flood,1354.150634765625,1980,Assam,1980-0062
22.6903222,71.5884337,flood,202.11630249023438,1980,Gujarat,1980-0057
25.67965826,85.6048398,flood,2308.17626953125,1980,Bihar,1980-0074
29.20004038,76.33282351,flood,714.3512573242188,1980,Haryana,1980-0074
10.45089774,76.4057486,flood,167.71853637695312,1980,Kerala,1980-0074
26.92542523,80.56098215,flood,442.3703308105469,1980,Uttar Pradesh,1980-0074
22.6903222,71.5884337,flood,202.11630249023438,1980,Gujarat,1980-0074
20.50542802,84.41805896,flood,24.980548858642578,1980,Odisha,1980-0085
23.81595215,87.98089998,storm,1268.927490234375,1983,West Bengal,1983-0061
30.84146482,75.40878951,storm,419.01220703125,1983,Punjab,1983-0076
31.92721256,77.23308096,storm,66.0645980834961,1983,Himachal Pradesh,1983-0076
27.57153573,88.4728724,flood,1.1942436695098877,1983,Sikkim,1983-0089
26.35676035,92.82876881,flood,1354.150634765625,1983,Assam,1983-0089
11.00747266,78.40167065,flood,367.2948303222656,1983,Tamil Nadu,1983-0153
23.81595215,87.98089998,flood,1268.927490234375,1984,West Bengal,1984-0323
26.92542523,80.56098215,flood,442.3703308105469,1984,Uttar Pradesh,1984-0323
20.50542802,84.41805896,flood,24.980548858642578,1984,Odisha,1984-0323
26.92542523,80.56098215,flood,442.3703308105469,1985,Uttar Pradesh,1985-0068
30.84146482,75.40878951,flood,419.01220703125,1985,Punjab,1985-0068
23.81595215,87.98089998,flood,1268.927490234375,1985,West Bengal,1985-0068
30.84146482,75.40878951,flood,419.01220703125,1985,Punjab,1985-0067
26.92542523,80.56098215,flood,442.3703308105469,1985,Uttar Pradesh,1985-0317
25.67965826,85.6048398,flood,2308.17626953125,1985,Bihar,1985-0317
15.71260766,79.92713851,flood,148.23521423339844,1986,Andhra Pradesh,1986-0085
33.75942968,76.61263777,storm,1.365356683731079,1987,Jammu And Kashmir,1987-0341
25.67965826,85.6048398,flood,2308.17626953125,1987,Bihar,1987-0386
26.92542523,80.56098215,flood,442.3703308105469,1987,Uttar Pradesh,1987-0386
25.67965826,85.6048398,flood,2308.17626953125,1987,Bihar,1987-0137
23.81595215,87.98089998,flood,1268.927490234375,1987,West Bengal,1987-0137
26.35676035,92.82876881,flood,1354.150634765625,1987,Assam,1987-0137
25.67965826,85.6048398,flood,2308.17626953125,1988,Bihar,1988-0244
23.81595215,87.98089998,flood,1268.927490234375,1988,West Bengal,1988-0244
26.35676035,92.82876881,flood,1354.150634765625,1988,Assam,1988-0244
26.35676035,92.82876881,flood,1354.150634765625,1988,Assam,1988-0703
23.81595215,87.98089998,flood,1268.927490234375,1988,West Bengal,1988-0703
26.92542523,80.56098215,flood,442.3703308105469,1988,Uttar Pradesh,1988-0703
28.03900639,94.67669495,flood,101.09524536132812,1988,Arunachal Pradesh,1988-0703
25.67965826,85.6048398,flood,2308.17626953125,1988,Bihar,1988-0703
28.03900639,94.67669495,flood,101.09524536132812,1989,Arunachal Pradesh,1989-0260
24.73897499,93.88254078,flood,1693.4844970703125,1989,Manipur,1989-0260
26.35676035,92.82876881,flood,1354.150634765625,1989,Assam,1989-0260
23.30680933,92.83619313,flood,36.390724182128906,1989,Mizoram,1989-0260
23.74450253,91.74176515,flood,61.18936538696289,1993,Tripura,1993-0326
31.92721256,77.23308096,flood,66.0645980834961,1993,Himachal Pradesh,1993-0570
30.84146482,75.40878951,flood,419.01220703125,1994,Punjab,1994-0068
26.35676035,92.82876881,flood,1354.150634765625,1994,Assam,1994-0068
26.92542523,80.56098215,flood,442.3703308105469,1994,Uttar Pradesh,1994-0068
28.03900639,94.67669495,flood,101.09524536132812,1994,Arunachal Pradesh,1994-0068
22.6903222,71.5884337,flood,202.11630249023438,1994,Gujarat,1994-0068
33.75942968,76.61263777,flood,1.365356683731079,1994,Jammu And Kashmir,1994-0068
15.35968207,74.05739562,flood,113.14546966552734,1994,Goa,1994-0068
10.45089774,76.4057486,flood,167.71853637695312,1994,Kerala,1994-0068
31.92721256,77.23308096,flood,66.0645980834961,1994,Himachal Pradesh,1994-0068
28.64651897,77.10897953,flood,37020.80078125,1997,NCT Of Delhi,1997-0348
23.81595215,87.98089998,flood,1268.927490234375,1997,West Bengal,1997-0182
22.6903222,71.5884337,flood,202.11630249023438,1997,Gujarat,1997-0260
10.45089774,76.4057486,flood,167.71853637695312,1997,Kerala,1997-0260
33.75942968,76.61263777,flood,1.365356683731079,1997,Jammu And Kashmir,1997-0260
26.35676035,92.82876881,flood,1354.150634765625,1997,Assam,1997-0260
28.03900639,94.67669495,flood,101.09524536132812,1997,Arunachal Pradesh,1997-0260
14.7051803,76.16643556,flood,102.06537628173828,1997,Karnataka,1997-0260
31.92721256,77.23308096,flood,66.0645980834961,1997,Himachal Pradesh,1997-0260
27.57153573,88.4728724,flood,1.1942436695098877,1997,Sikkim,1997-0260
30.84146482,75.40878951,flood,419.01220703125,1997,Punjab,1997-0260
26.58342294,73.84797344,flood,102.09465026855469,1997,Rajasthan,1997-0260
26.92542523,80.56098215,flood,442.3703308105469,1997,Uttar Pradesh,1997-0260
15.71260766,79.92713851,flood,148.23521423339844,1997,Andhra Pradesh,1997-0260
20.50542802,84.41805896,flood,24.980548858642578,1997,Odisha,1997-0260
25.67965826,85.6048398,flood,2308.17626953125,1997,Bihar,1997-0260
23.81595215,87.98089998,flood,1268.927490234375,1997,West Bengal,1997-0260
23.54151345,78.28963287,flood,349.76629638671875,1997,Madhya Pradesh,1997-0260
19.44975928,76.10822143,flood,228.22364807128906,1997,Maharashtra,1997-0260
23.81595215,87.98089998,flood,1268.927490234375,1998,West Bengal,1998-0392
10.45089774,76.4057486,flood,167.71853637695312,1998,Kerala,1998-0392
25.53572746,91.2783037,flood,300.3982238769531,1998,Meghalaya,1998-0392
30.84146482,75.40878951,flood,419.01220703125,1998,Punjab,1998-0392
26.92542523,80.56098215,flood,442.3703308105469,1998,Uttar Pradesh,1998-0392
28.03900639,94.67669495,flood,101.09524536132812,1998,Arunachal Pradesh,1998-0392
26.35676035,92.82876881,flood,1354.150634765625,1998,Assam,1998-0392
25.67965826,85.6048398,flood,2308.17626953125,1998,Bihar,1998-0392
27.57153573,88.4728724,flood,1.1942436695098877,1998,Sikkim,1998-0392
26.92542523,80.56098215,flood,442.3703308105469,1999,Uttar Pradesh,1999-0371
25.67965826,85.6048398,flood,2308.17626953125,1999,Bihar,1999-0371
23.81595215,87.98089998,flood,1268.927490234375,1999,West Bengal,1999-0371
28.64651897,77.10897953,flood,37020.80078125,1999,NCT Of Delhi,1999-0371
23.54151345,78.28963287,flood,349.76629638671875,1999,Madhya Pradesh,1999-0371
28.03900639,94.67669495,flood,101.09524536132812,2000,Arunachal Pradesh,2000-0444
19.44975928,76.10822143,flood,228.22364807128906,2001,Maharashtra,2001-0349
10.45089774,76.4057486,flood,167.71853637695312,2001,Kerala,2001-0349
28.64651897,77.10897953,flood,37020.80078125,2001,NCT Of Delhi,2001-0502
25.67965826,85.6048398,flood,2308.17626953125,2001,Bihar,2001-0465
26.92542523,80.56098215,flood,442.3703308105469,2001,Uttar Pradesh,2001-0527
15.71260766,79.92713851,storm,148.23521423339844,2001,Andhra Pradesh,2001-0584
26.35676035,92.82876881,flood,1354.150634765625,2006,Assam,2006-0265
23.74450253,91.74176515,flood,61.18936538696289,2006,Tripura,2006-0265
22.6903222,71.5884337,flood,202.11630249023438,2006,Gujarat,2006-0443
10.45089774,76.4057486,flood,167.71853637695312,2009,Kerala,2009-0409
26.35676035,92.82876881,flood,1354.150634765625,2009,Assam,2009-0409
23.81595215,87.98089998,flood,1268.927490234375,2009,West Bengal,2009-0409
20.50542802,84.41805896,flood,24.980548858642578,2009,Odisha,2009-0409
22.6903222,71.5884337,flood,202.11630249023438,2009,Gujarat,2009-0409
25.67965826,85.6048398,flood,2308.17626953125,2009,Bihar,2009-0409
14.7051803,76.16643556,flood,102.06537628173828,2009,Karnataka,2009-0409
25.53572746,91.2783037,flood,300.3982238769531,2011,Meghalaya,2011-0422
26.58342294,73.84797344,flood,102.09465026855469,2012,Rajasthan,2012-0322
33.75942968,76.61263777,flood,1.365356683731079,2014,Jammu And Kashmir,2014-0343
15.71260766,79.92713851,storm,148.23521423339844,2016,Andhra Pradesh,2016-0485
28.03900639,94.67669495,flood,101.09524536132812,2016,Arunachal Pradesh,2016-0139
26.06702015,94.47030166,flood,92.1758804321289,2016,Nagaland,2016-0139
26.35676035,92.82876881,flood,1354.150634765625,2016,Assam,2016-0139
23.54151345,78.28963287,storm,349.76629638671875,2016,Madhya Pradesh,2016-0237
26.92542523,80.56098215,storm,442.3703308105469,2016,Uttar Pradesh,2016-0237
23.65453582,85.55763148,storm,735.6536254882812,2016,Jharkhand,2016-0237
25.67965826,85.6048398,storm,2308.17626953125,2016,Bihar,2016-0237
28.03900639,94.67669495,flood,101.09524536132812,2016,Arunachal Pradesh,2016-0239
26.35676035,92.82876881,flood,1354.150634765625,2016,Assam,2016-0239
21.86730329,83.38134339,flood,1365.411376953125,2016,Chhattisgarh,2016-0304
17.79483995,79.05945705,flood,156.45001220703125,2016,Telangana,2016-0391
15.71260766,79.92713851,flood,148.23521423339844,2016,Andhra Pradesh,2016-0391
10.4512736,72.93961268,storm,0.0,2017,Lakshadweep,2017-0508
23.30680933,92.83619313,storm,36.390724182128906,2017,Mizoram,2017-0152
24.73897499,93.88254078,storm,1693.4844970703125,2017,Manipur,2017-0152
22.6903222,71.5884337,flood,202.11630249023438,2017,Gujarat,2017-0257
24.73897499,93.88254078,flood,1693.4844970703125,2017,Manipur,2017-0180
23.65453582,85.55763148,flood,735.6536254882812,2017,Jharkhand,2017-0180
26.06702015,94.47030166,flood,92.1758804321289,2017,Nagaland,2017-0180
27.00750514,78.06292449,storm,1039.2550048828125,2017,Uttar Pradesh,2017-0265
26.92542523,80.56098215,flood,442.3703308105469,2017,Uttar Pradesh,2017-0342
23.81595215,87.98089998,flood,1268.927490234375,2017,West Bengal,2017-0342
24.31409008,77.29680185,storm,98.4872055053711,2018,Madhya Pradesh,2018-0385
26.58342294,73.84797344,storm,102.09465026855469,2018,Rajasthan,2018-0137
26.92542523,80.56098215,storm,442.3703308105469,2018,Uttar Pradesh,2018-0137
22.55172963,88.35233743,storm,36173.03125,2018,West Bengal,2018-0138
26.92542523,80.56098215,storm,442.3703308105469,2018,Uttar Pradesh,2018-0150
26.58342294,73.84797344,storm,102.09465026855469,2018,Rajasthan,2018-0150
25.67965826,85.6048398,storm,2308.17626953125,2018,Bihar,2018-0149
26.92542523,80.56098215,storm,442.3703308105469,2018,Uttar Pradesh,2018-0149
15.71260766,79.92713851,storm,148.23521423339844,2018,Andhra Pradesh,2018-0149
23.81595215,87.98089998,storm,1268.927490234375,2018,West Bengal,2018-0149
23.74450253,91.74176515,flood,61.18936538696289,2018,Tripura,2018-0213
25.67965826,85.6048398,storm,2308.17626953125,2018,Bihar,2018-0214
23.65453582,85.55763148,storm,735.6536254882812,2018,Jharkhand,2018-0214
26.92542523,80.56098215,storm,442.3703308105469,2018,Uttar Pradesh,2018-0214
23.74450253,91.74176515,storm,61.18936538696289,2018,Tripura,2018-0209
23.81595215,87.98089998,storm,1268.927490234375,2018,West Bengal,2018-0209
26.92542523,80.56098215,storm,442.3703308105469,2018,Uttar Pradesh,2018-0209
10.45089774,76.4057486,storm,167.71853637695312,2018,Kerala,2018-0199
19.44975928,76.10822143,storm,228.22364807128906,2018,Maharashtra,2018-0199
26.58342294,73.84797344,storm,102.09465026855469,2018,Rajasthan,2018-0199
26.92542523,80.56098215,storm,442.3703308105469,2018,Uttar Pradesh,2018-0199
23.30680933,92.83619313,storm,36.390724182128906,2018,Mizoram,2018-0199
22.6903222,71.5884337,flood,202.11630249023438,2018,Gujarat,2018-0205
26.35676035,92.82876881,flood,1354.150634765625,2018,Assam,2018-0205
19.44975928,76.10822143,flood,228.22364807128906,2018,Maharashtra,2018-0205
23.81595215,87.98089998,storm,1268.927490234375,2018,West Bengal,2018-0202
23.74450253,91.74176515,storm,61.18936538696289,2018,Tripura,2018-0202
24.73897499,93.88254078,storm,1693.4844970703125,2018,Manipur,2018-0202
26.35676035,92.82876881,storm,1354.150634765625,2018,Assam,2018-0202
26.92542523,80.56098215,storm,442.3703308105469,2018,Uttar Pradesh,2018-0202
23.30680933,92.83619313,storm,36.390724182128906,2018,Mizoram,2018-0202
20.50542802,84.41805896,flood,24.980548858642578,2018,Odisha,2018-0286
26.58342294,73.84797344,flood,102.09465026855469,2018,Rajasthan,2018-0267
26.92542523,80.56098215,flood,442.3703308105469,2018,Uttar Pradesh,2018-0267
23.81595215,87.98089998,flood,1268.927490234375,2018,West Bengal,2018-0345
26.92542523,80.56098215,flood,442.3703308105469,2018,Uttar Pradesh,2018-0370
29.20004038,76.33282351,flood,714.3512573242188,2018,Haryana,2018-0372
30.84146482,75.40878951,flood,419.01220703125,2018,Punjab,2018-0372
26.92542523,80.56098215,extreme temperature ,442.3703308105469,1973,Uttar Pradesh,1973-0009
25.67965826,85.6048398,extreme temperature ,2308.17626953125,1973,Bihar,1973-0009
25.67965826,85.6048398,extreme temperature ,2308.17626953125,1973,Bihar,1973-0054
28.64651897,77.10897953,extreme temperature ,37020.80078125,1973,NCT Of Delhi,1973-0054
25.67965826,85.6048398,extreme temperature ,2308.17626953125,1979,Bihar,1979-0045
26.58342294,73.84797344,extreme temperature ,102.09465026855469,1979,Rajasthan,1979-0061
25.67965826,85.6048398,extreme temperature ,2308.17626953125,1980,Bihar,1980-0012
25.67965826,85.6048398,extreme temperature ,2308.17626953125,1980,Bihar,1980-0357
26.92542523,80.56098215,extreme temperature ,442.3703308105469,1980,Uttar Pradesh,1980-0357
25.67965826,85.6048398,extreme temperature ,2308.17626953125,1985,Bihar,1985-0141
26.92542523,80.56098215,extreme temperature ,442.3703308105469,1985,Uttar Pradesh,1985-0141
33.75942968,76.61263777,extreme temperature ,1.365356683731079,1985,Jammu And Kashmir,1985-0141
22.6903222,71.5884337,extreme temperature ,202.11630249023438,1985,Gujarat,1985-0141
25.67965826,85.6048398,extreme temperature ,2308.17626953125,1985,Bihar,1985-0069
26.58342294,73.84797344,extreme temperature ,102.09465026855469,1987,Rajasthan,1987-0104
26.58342294,73.84797344,extreme temperature ,102.09465026855469,1988,Rajasthan,1988-0190
25.67965826,85.6048398,extreme temperature ,2308.17626953125,1989,Bihar,1989-0235
30.84146482,75.40878951,extreme temperature ,419.01220703125,1990,Punjab,1990-0632
31.92721256,77.23308096,extreme temperature ,66.0645980834961,1990,Himachal Pradesh,1990-0632
29.20004038,76.33282351,extreme temperature ,714.3512573242188,1990,Haryana,1990-0632
32.79913748,74.73185648,extreme temperature ,702.607666015625,1990,Jammu And Kashmir,1990-0632
26.58342294,73.84797344,extreme temperature ,102.09465026855469,1990,Rajasthan,1990-0632
28.64651897,77.10897953,extreme temperature ,37020.80078125,1990,NCT Of Delhi,1990-0423
25.67965826,85.6048398,extreme temperature ,2308.17626953125,1992,Bihar,1992-0500
26.58342294,73.84797344,extreme temperature ,102.09465026855469,1994,Rajasthan,1994-0624
28.64651897,77.10897953,extreme temperature ,37020.80078125,1994,NCT Of Delhi,1994-0624
23.54151345,78.28963287,extreme temperature ,349.76629638671875,1994,Madhya Pradesh,1994-0624
26.58342294,73.84797344,extreme temperature ,102.09465026855469,1995,Rajasthan,1995-0112
11.00747266,78.40167065,extreme temperature ,367.2948303222656,1995,Tamil Nadu,1995-0112
25.67965826,85.6048398,extreme temperature ,2308.17626953125,1995,Bihar,1995-0112
26.92542523,80.56098215,extreme temperature ,442.3703308105469,1995,Uttar Pradesh,1995-0112
29.20004038,76.33282351,extreme temperature ,714.3512573242188,1995,Haryana,1995-0112
30.84146482,75.40878951,extreme temperature ,419.01220703125,1995,Punjab,1995-0112
19.44975928,76.10822143,extreme temperature ,228.22364807128906,1995,Maharashtra,1995-0112
23.54151345,78.28963287,extreme temperature ,349.76629638671875,1995,Madhya Pradesh,1995-0112
28.64651897,77.10897953,extreme temperature ,37020.80078125,1995,NCT Of Delhi,1995-0112
20.50542802,84.41805896,extreme temperature ,24.980548858642578,1995,Odisha,1995-0112
23.54151345,78.28963287,extreme temperature ,349.76629638671875,1998,Madhya Pradesh,1998-0217
26.58342294,73.84797344,extreme temperature ,102.09465026855469,1998,Rajasthan,1998-0217
26.92542523,80.56098215,extreme temperature ,442.3703308105469,1998,Uttar Pradesh,1998-0217
20.50542802,84.41805896,extreme temperature ,24.980548858642578,1998,Odisha,1998-0217
22.6903222,71.5884337,extreme temperature ,202.11630249023438,1998,Gujarat,1998-0217
15.71260766,79.92713851,extreme temperature ,148.23521423339844,1998,Andhra Pradesh,1998-0217
25.67965826,85.6048398,extreme temperature ,2308.17626953125,1998,Bihar,1998-0455
33.75942968,76.61263777,extreme temperature ,1.365356683731079,1998,Jammu And Kashmir,1998-0455
26.92542523,80.56098215,extreme temperature ,442.3703308105469,1998,Uttar Pradesh,1998-0455
26.58342294,73.84797344,extreme temperature ,102.09465026855469,1998,Rajasthan,1998-0455
22.6903222,71.5884337,extreme temperature ,202.11630249023438,1999,Gujarat,1999-0125
20.50542802,84.41805896,extreme temperature ,24.980548858642578,1999,Odisha,1999-0125
26.92542523,80.56098215,extreme temperature ,442.3703308105469,1999,Uttar Pradesh,1999-0125
15.71260766,79.92713851,extreme temperature ,148.23521423339844,1999,Andhra Pradesh,1999-0125
23.81595215,87.98089998,extreme temperature ,1268.927490234375,2000,West Bengal,2000-0020
25.67965826,85.6048398,extreme temperature ,2308.17626953125,2000,Bihar,2000-0020
26.92542523,80.56098215,extreme temperature ,442.3703308105469,2000,Uttar Pradesh,2000-0020
21.26470475,82.03536606,extreme temperature ,560.5504760742188,2000,Chhattisgarh,2000-0223
22.6903222,71.5884337,extreme temperature ,202.11630249023438,2000,Gujarat,2000-0223
23.54151345,78.28963287,extreme temperature ,349.76629638671875,2000,Madhya Pradesh,2000-0223
20.50542802,84.41805896,extreme temperature ,24.980548858642578,2000,Odisha,2000-0223
26.58342294,73.84797344,extreme temperature ,102.09465026855469,2000,Rajasthan,2000-0223
15.71260766,79.92713851,extreme temperature ,148.23521423339844,2000,Andhra Pradesh,2000-0223
26.92542523,80.56098215,extreme temperature ,442.3703308105469,2001,Uttar Pradesh,2001-0011
30.84146482,75.40878951,extreme temperature ,419.01220703125,2001,Punjab,2001-0011
25.67965826,85.6048398,extreme temperature ,2308.17626953125,2001,Bihar,2001-0011
26.92542523,80.56098215,extreme temperature ,442.3703308105469,2001,Uttar Pradesh,2001-0681
26.58342294,73.84797344,extreme temperature ,102.09465026855469,2001,Rajasthan,2001-0681
28.64651897,77.10897953,extreme temperature ,37020.80078125,2002,NCT Of Delhi,2002-0818
26.92542523,80.56098215,extreme temperature ,442.3703308105469,2002,Uttar Pradesh,2002-0818
26.58342294,73.84797344,extreme temperature ,102.09465026855469,2002,Rajasthan,2002-0818
33.75942968,76.61263777,extreme temperature ,1.365356683731079,2002,Jammu And Kashmir,2002-0818
30.84146482,75.40878951,extreme temperature ,419.01220703125,2002,Punjab,2002-0818
23.65453582,85.55763148,extreme temperature ,735.6536254882812,2002,Jharkhand,2002-0818
29.20004038,76.33282351,extreme temperature ,714.3512573242188,2002,Haryana,2002-0818
25.67965826,85.6048398,extreme temperature ,2308.17626953125,2002,Bihar,2002-0818
31.92721256,77.23308096,extreme temperature ,66.0645980834961,2002,Himachal Pradesh,2002-0818
26.92542523,80.56098215,extreme temperature ,442.3703308105469,2002,Uttar Pradesh,2002-0290
28.64651897,77.10897953,extreme temperature ,37020.80078125,2002,NCT Of Delhi,2002-0290
29.20004038,76.33282351,extreme temperature ,714.3512573242188,2002,Haryana,2002-0290
30.84146482,75.40878951,extreme temperature ,419.01220703125,2002,Punjab,2002-0290
26.58342294,73.84797344,extreme temperature ,102.09465026855469,2002,Rajasthan,2002-0290
23.81595215,87.98089998,extreme temperature ,1268.927490234375,2002,West Bengal,2002-0290
20.50542802,84.41805896,extreme temperature ,24.980548858642578,2002,Odisha,2002-0290
23.54151345,78.28963287,extreme temperature ,349.76629638671875,2002,Madhya Pradesh,2002-0290
15.71260766,79.92713851,extreme temperature ,148.23521423339844,2002,Andhra Pradesh,2002-0290
23.54151345,78.28963287,extreme temperature ,349.76629638671875,2003,Madhya Pradesh,2003-0250
26.92542523,80.56098215,extreme temperature ,442.3703308105469,2003,Uttar Pradesh,2003-0250
25.67965826,85.6048398,extreme temperature ,2308.17626953125,2003,Bihar,2003-0250
19.44975928,76.10822143,extreme temperature ,228.22364807128906,2003,Maharashtra,2003-0250
23.65453582,85.55763148,extreme temperature ,735.6536254882812,2003,Jharkhand,2003-0250
20.50542802,84.41805896,extreme temperature ,24.980548858642578,2003,Odisha,2003-0250
21.26470475,82.03536606,extreme temperature ,560.5504760742188,2003,Chhattisgarh,2003-0250
15.71260766,79.92713851,extreme temperature ,148.23521423339844,2003,Andhra Pradesh,2003-0250
26.58342294,73.84797344,extreme temperature ,102.09465026855469,2003,Rajasthan,2003-0250
11.00747266,78.40167065,extreme temperature ,367.2948303222656,2003,Tamil Nadu,2003-0250
29.20004038,76.33282351,extreme temperature ,714.3512573242188,2003,Haryana,2003-0636
26.92542523,80.56098215,extreme temperature ,442.3703308105469,2003,Uttar Pradesh,2003-0636
33.75942968,76.61263777,extreme temperature ,1.365356683731079,2003,Jammu And Kashmir,2003-0636
31.92721256,77.23308096,extreme temperature ,66.0645980834961,2003,Himachal Pradesh,2003-0636
23.81595215,87.98089998,extreme temperature ,1268.927490234375,2005,West Bengal,2005-0323
25.67965826,85.6048398,extreme temperature ,2308.17626953125,2005,Bihar,2005-0323
19.44975928,76.10822143,extreme temperature ,228.22364807128906,2005,Maharashtra,2005-0323
20.50542802,84.41805896,extreme temperature ,24.980548858642578,2005,Odisha,2005-0323
26.92542523,80.56098215,extreme temperature ,442.3703308105469,2005,Uttar Pradesh,2005-0323
15.71260766,79.92713851,extreme temperature ,148.23521423339844,2005,Andhra Pradesh,2005-0323
26.58342294,73.84797344,extreme temperature ,102.09465026855469,2005,Rajasthan,2005-0701
25.67965826,85.6048398,extreme temperature ,2308.17626953125,2005,Bihar,2005-0701
33.75942968,76.61263777,extreme temperature ,1.365356683731079,2005,Jammu And Kashmir,2005-0701
30.84146482,75.40878951,extreme temperature ,419.01220703125,2005,Punjab,2005-0701
31.92721256,77.23308096,extreme temperature ,66.0645980834961,2005,Himachal Pradesh,2005-0701
29.20004038,76.33282351,extreme temperature ,714.3512573242188,2005,Haryana,2005-0701
26.92542523,80.56098215,extreme temperature ,442.3703308105469,2005,Uttar Pradesh,2005-0701
28.64651897,77.10897953,extreme temperature ,37020.80078125,2005,NCT Of Delhi,2005-0701
20.50542802,84.41805896,extreme temperature ,24.980548858642578,2006,Odisha,2006-0237
28.64651897,77.10897953,extreme temperature ,37020.80078125,2006,NCT Of Delhi,2006-0237
30.84146482,75.40878951,extreme temperature ,419.01220703125,2006,Punjab,2006-0237
26.92542523,80.56098215,extreme temperature ,442.3703308105469,2006,Uttar Pradesh,2006-0237
26.92542523,80.56098215,extreme temperature ,442.3703308105469,2007,Uttar Pradesh,2007-0207
26.58342294,73.84797344,extreme temperature ,102.09465026855469,2007,Rajasthan,2007-0207
30.84146482,75.40878951,extreme temperature ,419.01220703125,2007,Punjab,2007-0207
28.64651897,77.10897953,extreme temperature ,37020.80078125,2007,NCT Of Delhi,2007-0207
33.75942968,76.61263777,extreme temperature ,1.365356683731079,2007,Jammu And Kashmir,2007-0674
26.92542523,80.56098215,extreme temperature ,442.3703308105469,2007,Uttar Pradesh,2007-0674
22.6903222,71.5884337,extreme temperature ,202.11630249023438,2007,Gujarat,2007-0674
33.75942968,76.61263777,extreme temperature ,1.365356683731079,2007,Jammu And Kashmir,2007-0687
30.84146482,75.40878951,extreme temperature ,419.01220703125,2008,Punjab,2008-0616
31.92721256,77.23308096,extreme temperature ,66.0645980834961,2008,Himachal Pradesh,2008-0616
30.15644742,79.19760744,extreme temperature ,130.2322998046875,2008,Uttarakhand,2008-0616
33.75942968,76.61263777,extreme temperature ,1.365356683731079,2008,Jammu And Kashmir,2008-0616
29.20004038,76.33282351,extreme temperature ,714.3512573242188,2008,Haryana,2008-0616
26.92542523,80.56098215,extreme temperature ,442.3703308105469,2008,Uttar Pradesh,2008-0616
25.67965826,85.6048398,extreme temperature ,2308.17626953125,2008,Bihar,2008-0616
23.81595215,87.98089998,extreme temperature ,1268.927490234375,2009,West Bengal,2009-0175
20.50542802,84.41805896,extreme temperature ,24.980548858642578,2009,Odisha,2009-0175
25.67965826,85.6048398,extreme temperature ,2308.17626953125,2009,Bihar,2009-0175
23.65453582,85.55763148,extreme temperature ,735.6536254882812,2009,Jharkhand,2009-0175
26.92542523,80.56098215,extreme temperature ,442.3703308105469,2009,Uttar Pradesh,2009-0175
15.71260766,79.92713851,extreme temperature ,148.23521423339844,2009,Andhra Pradesh,2009-0175
29.20004038,76.33282351,extreme temperature ,714.3512573242188,2010,Haryana,2010-0206
28.64651897,77.10897953,extreme temperature ,37020.80078125,2010,NCT Of Delhi,2010-0206
23.54151345,78.28963287,extreme temperature ,349.76629638671875,2010,Madhya Pradesh,2010-0206
20.50542802,84.41805896,extreme temperature ,24.980548858642578,2010,Odisha,2010-0206
26.58342294,73.84797344,extreme temperature ,102.09465026855469,2010,Rajasthan,2010-0206
26.92542523,80.56098215,extreme temperature ,442.3703308105469,2010,Uttar Pradesh,2010-0206
25.67965826,85.6048398,extreme temperature ,2308.17626953125,2010,Bihar,2009-0595
28.64651897,77.10897953,extreme temperature ,37020.80078125,2010,NCT Of Delhi,2009-0595
26.92542523,80.56098215,extreme temperature ,442.3703308105469,2010,Uttar Pradesh,2009-0595
31.92721256,77.23308096,extreme temperature ,66.0645980834961,2010,Himachal Pradesh,2009-0595
25.67965826,85.6048398,extreme temperature ,2308.17626953125,2011,Bihar,2011-0007
33.75942968,76.61263777,extreme temperature ,1.365356683731079,2011,Jammu And Kashmir,2011-0007
28.64651897,77.10897953,extreme temperature ,37020.80078125,2011,NCT Of Delhi,2011-0007
24.04921919,74.75348354,extreme temperature ,540.8921508789062,2011,Rajasthan,2011-0007
30.84146482,75.40878951,extreme temperature ,419.01220703125,2011,Punjab,2011-0643
29.20004038,76.33282351,extreme temperature ,714.3512573242188,2011,Haryana,2011-0643
26.92542523,80.56098215,extreme temperature ,442.3703308105469,2011,Uttar Pradesh,2011-0643
18.54622673,79.23473572,extreme temperature ,136.48223876953125,2012,Telangana,2012-0015
30.84146482,75.40878951,extreme temperature ,419.01220703125,2012,Punjab,2012-0538
33.75942968,76.61263777,extreme temperature ,1.365356683731079,2012,Jammu And Kashmir,2012-0538
26.58342294,73.84797344,extreme temperature ,102.09465026855469,2012,Rajasthan,2012-0538
25.67965826,85.6048398,extreme temperature ,2308.17626953125,2012,Bihar,2012-0538
29.20004038,76.33282351,extreme temperature ,714.3512573242188,2012,Haryana,2012-0538
26.92542523,80.56098215,extreme temperature ,442.3703308105469,2012,Uttar Pradesh,2012-0538
31.92721256,77.23308096,extreme temperature ,66.0645980834961,2012,Himachal Pradesh,2012-0538
33.75942968,76.61263777,extreme temperature ,1.365356683731079,2014,Jammu And Kashmir,2014-0047
26.92542523,80.56098215,extreme temperature ,442.3703308105469,2014,Uttar Pradesh,2014-0047
30.15644742,79.19760744,extreme temperature ,130.2322998046875,2014,Uttarakhand,2014-0047
28.64651897,77.10897953,extreme temperature ,37020.80078125,2014,NCT Of Delhi,2014-0047
31.92721256,77.23308096,extreme temperature ,66.0645980834961,2014,Himachal Pradesh,2014-0523
30.15644742,79.19760744,extreme temperature ,130.2322998046875,2014,Uttarakhand,2014-0523
26.92542523,80.56098215,extreme temperature ,442.3703308105469,2014,Uttar Pradesh,2014-0523
28.64651897,77.10897953,extreme temperature ,37020.80078125,2015,NCT Of Delhi,2015-0189
20.50542802,84.41805896,extreme temperature ,24.980548858642578,2015,Odisha,2015-0189
15.71260766,79.92713851,extreme temperature ,148.23521423339844,2015,Andhra Pradesh,2015-0189
15.71260766,79.92713851,extreme temperature ,148.23521423339844,2016,Andhra Pradesh,2016-0133
11.00747266,78.40167065,extreme temperature ,367.2948303222656,2016,Tamil Nadu,2016-0133
23.65453582,85.55763148,extreme temperature ,735.6536254882812,2016,Jharkhand,2016-0133
26.92542523,80.56098215,extreme temperature ,442.3703308105469,2016,Uttar Pradesh,2016-0133
26.58342294,73.84797344,extreme temperature ,102.09465026855469,2016,Rajasthan,2016-0133
20.50542802,84.41805896,extreme temperature ,24.980548858642578,2016,Odisha,2016-0133
25.67965826,85.6048398,extreme temperature ,2308.17626953125,2016,Bihar,2016-0133
15.71260766,79.92713851,extreme temperature ,148.23521423339844,2017,Andhra Pradesh,2017-0144
17.79483995,79.05945705,extreme temperature ,156.45001220703125,2017,Telangana,2017-0144
19.44975928,76.10822143,extreme temperature ,228.22364807128906,2017,Maharashtra,2017-0144
20.50542802,84.41805896,extreme temperature ,24.980548858642578,2017,Odisha,2017-0144
28.64651897,77.10897953,extreme temperature ,37020.80078125,2018,NCT Of Delhi,2018-0049
23.81595215,87.98089998,landslide,1268.927490234375,1968,West Bengal,1968-0074
25.67965826,85.6048398,landslide,2308.17626953125,1968,Bihar,1968-0074
26.92542523,80.56098215,landslide,442.3703308105469,1979,Uttar Pradesh,1979-0079
26.92542523,80.56098215,landslide,442.3703308105469,1980,Uttar Pradesh,1980-0055
27.57153573,88.4728724,landslide,1.1942436695098877,1983,Sikkim,1983-0117
31.92721256,77.23308096,landslide,66.0645980834961,1986,Himachal Pradesh,1986-0294
26.92542523,80.56098215,landslide,442.3703308105469,1986,Uttar Pradesh,1986-0294
33.75942968,76.61263777,landslide,1.365356683731079,1986,Jammu And Kashmir,1986-0134
30.84146482,75.40878951,landslide,419.01220703125,1988,Punjab,1988-0293
29.20004038,76.33282351,landslide,714.3512573242188,1988,Haryana,1988-0293
26.92542523,80.56098215,landslide,442.3703308105469,1988,Uttar Pradesh,1988-0293
31.92721256,77.23308096,landslide,66.0645980834961,1988,Himachal Pradesh,1988-0293
33.75942968,76.61263777,landslide,1.365356683731079,1988,Jammu And Kashmir,1988-0125
27.57153573,88.4728724,landslide,1.1942436695098877,1990,Sikkim,1990-0406
18.9855279,72.83733064,landslide,31894.984375,1993,Maharashtra,1993-0208
23.30680933,92.83619313,landslide,36.390724182128906,1995,Mizoram,1995-0118
19.44975928,76.10822143,landslide,228.22364807128906,1996,Maharashtra,1996-0208
15.71260766,79.92713851,landslide,148.23521423339844,1996,Andhra Pradesh,1996-0208
14.7051803,76.16643556,landslide,102.06537628173828,1996,Karnataka,1996-0208
23.81595215,87.98089998,landslide,1268.927490234375,1997,West Bengal,1997-0165
27.57153573,88.4728724,landslide,1.1942436695098877,1998,Sikkim,1998-0439
26.92542523,80.56098215,landslide,442.3703308105469,1998,Uttar Pradesh,1998-0253
30.11188993,80.33363291,landslide,11.10202693939209,1998,Uttarakhand,1998-0253
26.92542523,80.56098215,landslide,442.3703308105469,1998,Uttar Pradesh,1998-0262
31.92721256,77.23308096,landslide,66.0645980834961,1998,Himachal Pradesh,1998-0061
26.35676035,92.82876881,landslide,1354.150634765625,1998,Assam,1998-0178
30.15644742,79.19760744,landslide,130.2322998046875,2000,Uttarakhand,2000-0358
33.75942968,76.61263777,landslide,1.365356683731079,2003,Jammu And Kashmir,2003-0151
33.75942968,76.61263777,landslide,1.365356683731079,2005,Jammu And Kashmir,2005-0090
33.75942968,76.61263777,landslide,1.365356683731079,2008,Jammu And Kashmir,2008-0062
33.75942968,76.61263777,landslide,1.365356683731079,2010,Jammu And Kashmir,2010-0052
30.15644742,79.19760744,landslide,130.2322998046875,2016,Uttarakhand,2016-0195
33.75942968,76.61263777,landslide,1.365356683731079,2016,Jammu And Kashmir,2016-0049
26.58342294,73.84797344,drought,102.09465026855469,1964,Rajasthan,1964-9009
12.20217573,76.43608261,drought,212.3929901123047,1964,Karnataka,1964-9044
26.58342294,73.84797344,drought,102.09465026855469,1982,Rajasthan,1982-9350
11.00747266,78.40167065,drought,367.2948303222656,1982,Tamil Nadu,1982-9350
10.45089774,76.4057486,drought,167.71853637695312,1982,Kerala,1982-9350
23.54151345,78.28963287,drought,349.76629638671875,1987,Madhya Pradesh,1987-9024
15.71260766,79.92713851,drought,148.23521423339844,1987,Andhra Pradesh,1987-9024
19.44975928,76.10822143,drought,228.22364807128906,1987,Maharashtra,1987-9024
22.6903222,71.5884337,drought,202.11630249023438,1987,Gujarat,1987-9024
26.58342294,73.84797344,drought,102.09465026855469,1987,Rajasthan,1987-9024
20.50542802,84.41805896,drought,24.980548858642578,1987,Odisha,1987-9024
26.92542523,80.56098215,drought,442.3703308105469,1993,Uttar Pradesh,1993-9472
23.54151345,78.28963287,drought,349.76629638671875,1993,Madhya Pradesh,1993-9472
25.67965826,85.6048398,drought,2308.17626953125,1993,Bihar,1993-9472
20.50542802,84.41805896,drought,24.980548858642578,1993,Odisha,1993-9472
19.44975928,76.10822143,drought,228.22364807128906,1993,Maharashtra,1993-9472
22.6903222,71.5884337,drought,202.11630249023438,1993,Gujarat,1993-9472
14.7051803,76.16643556,drought,102.06537628173828,1993,Karnataka,1993-9472
15.71260766,79.92713851,drought,148.23521423339844,1993,Andhra Pradesh,1993-9472
26.58342294,73.84797344,drought,102.09465026855469,1996,Rajasthan,1996-9328
23.54151345,78.28963287,drought,349.76629638671875,2000,Madhya Pradesh,2000-9222
15.71260766,79.92713851,drought,148.23521423339844,2000,Andhra Pradesh,2000-9222
20.50542802,84.41805896,drought,24.980548858642578,2000,Odisha,2000-9222
22.6903222,71.5884337,drought,202.11630249023438,2000,Gujarat,2000-9222
26.58342294,73.84797344,drought,102.09465026855469,2000,Rajasthan,2000-9222
19.44975928,76.10822143,drought,228.22364807128906,2000,Maharashtra,2000-9222
21.26470475,82.03536606,drought,560.5504760742188,2002,Chhattisgarh,2002-9349
11.00747266,78.40167065,drought,367.2948303222656,2002,Tamil Nadu,2002-9349
31.92721256,77.23308096,drought,66.0645980834961,2002,Himachal Pradesh,2002-9349
22.6903222,71.5884337,drought,202.11630249023438,2002,Gujarat,2002-9349
30.84146482,75.40878951,drought,419.01220703125,2002,Punjab,2002-9349
15.71260766,79.92713851,drought,148.23521423339844,2002,Andhra Pradesh,2002-9349
26.06702015,94.47030166,drought,92.1758804321289,2002,Nagaland,2002-9349
14.7051803,76.16643556,drought,102.06537628173828,2002,Karnataka,2002-9349
20.50542802,84.41805896,drought,24.980548858642578,2002,Odisha,2002-9349
19.44975928,76.10822143,drought,228.22364807128906,2002,Maharashtra,2002-9349
28.64651897,77.10897953,drought,37020.80078125,2002,NCT Of Delhi,2002-9349
26.58342294,73.84797344,drought,102.09465026855469,2002,Rajasthan,2002-9349
23.54151345,78.28963287,drought,349.76629638671875,2002,Madhya Pradesh,2002-9349
10.45089774,76.4057486,drought,167.71853637695312,2002,Kerala,2002-9349
26.92542523,80.56098215,drought,442.3703308105469,2002,Uttar Pradesh,2002-9349
29.20004038,76.33282351,drought,714.3512573242188,2002,Haryana,2002-9349
21.86730329,83.38134339,drought,1365.411376953125,2009,Chhattisgarh,2009-9323
33.75942968,76.61263777,mass movement (dry),1.365356683731079,2012,Jammu And Kashmir,2012-0049
17.79483995,79.05945705,drought,156.45001220703125,2015,Telangana,2015-9618
11.00747266,78.40167065,drought,367.2948303222656,2015,Tamil Nadu,2015-9618
21.26470475,82.03536606,drought,560.5504760742188,2015,Chhattisgarh,2015-9618
26.58342294,73.84797344,drought,102.09465026855469,2015,Rajasthan,2015-9618
23.54151345,78.28963287,drought,349.76629638671875,2015,Madhya Pradesh,2015-9618
15.71260766,79.92713851,drought,148.23521423339844,2015,Andhra Pradesh,2015-9618
25.67965826,85.6048398,drought,2308.17626953125,2015,Bihar,2015-9618
31.92721256,77.23308096,drought,66.0645980834961,2015,Himachal Pradesh,2015-9618
23.65453582,85.55763148,drought,735.6536254882812,2015,Jharkhand,2015-9618
20.50542802,84.41805896,drought,24.980548858642578,2015,Odisha,2015-9618
26.06702015,94.47030166,drought,92.1758804321289,2015,Nagaland,2015-9618
26.35676035,92.82876881,drought,1354.150634765625,2015,Assam,2015-9618
19.44975928,76.10822143,drought,228.22364807128906,2015,Maharashtra,2015-9618
15.71260766,79.92713851,storm,148.23521423339844,2015,Andhra Pradesh,2015-0600
28.03900639,94.67669495,flood,101.09524536132812,2015,Arunachal Pradesh,2015-0333
26.92542523,80.56098215,flood,442.3703308105469,2015,Uttar Pradesh,2015-0333
29.20004038,76.33282351,flood,714.3512573242188,2015,Haryana,2015-0333
30.84146482,75.40878951,flood,419.01220703125,2015,Punjab,2015-0333
26.58342294,73.84797344,flood,102.09465026855469,2015,Rajasthan,2015-0333
31.92721256,77.23308096,flood,66.0645980834961,2015,Himachal Pradesh,2015-0333
33.75942968,76.61263777,flood,1.365356683731079,2015,Jammu And Kashmir,2015-0333
30.15644742,79.19760744,flood,130.2322998046875,2015,Uttarakhand,2015-0333
28.03900639,94.67669495,flood,101.09524536132812,2015,Arunachal Pradesh,2015-0413
26.58342294,73.84797344,flood,102.09465026855469,2015,Rajasthan,2015-0317
23.54151345,78.28963287,flood,349.76629638671875,2015,Madhya Pradesh,2015-0317
24.73897499,93.88254078,flood,1693.4844970703125,2015,Manipur,2015-0317
20.50542802,84.41805896,flood,24.980548858642578,2015,Odisha,2015-0317
26.35676035,92.82876881,flood,1354.150634765625,2015,Assam,2015-0374
24.32680721,86.73520844,storm,665.9297485351562,2015,Jharkhand,2015-0450
15.71260766,79.92713851,storm,148.23521423339844,2015,Andhra Pradesh,2015-0450
19.44975928,76.10822143,storm,228.22364807128906,2015,Maharashtra,2015-0604
33.75942968,76.61263777,earthquake,1.365356683731079,2015,Jammu And Kashmir,2015-0476
30.84146482,75.40878951,earthquake,419.01220703125,2015,Punjab,2015-0476
28.64651897,77.10897953,earthquake,37020.80078125,2015,NCT Of Delhi,2015-0476
11.88265788,78.86498023,flood,393.4602355957031,2015,Puducherry,2015-0504
19.44975928,76.10822143,drought,228.22364807128906,2018,Maharashtra,2018-9372
14.7051803,76.16643556,drought,102.06537628173828,2018,Karnataka,2018-9372
15.71260766,79.92713851,storm,148.23521423339844,2018,Andhra Pradesh,2018-0473
20.50542802,84.41805896,storm,24.980548858642578,2018,Odisha,2018-0473
